Unique Key,Created Date,Closed Date,Agency,Agency Name,Problem (formerly Complaint Type),Problem Detail (formerly Descriptor),Additional Details,Location Type,Incident Zip,Incident Address,Street Name,Cross Street 1,Cross Street 2,Intersection Street 1,Intersection Street 2,Address Type,City,Landmark,Facility Type,Status,Due Date,Resolution Description,Resolution Action Updated Date,Community Board,Council District,Police Precinct,BBL,Borough,X Coordinate (State Plane),Y Coordinate (State Plane),Open Data Channel Type,Park Facility Name,Park Borough,Vehicle Type,Taxi Company Borough,Taxi Pick Up Location,Bridge Highway Name,Bridge Highway Direction,Road Ramp,Bridge Highway Segment,Latitude,Longitude,Location
59478949,11/17/2023 09:36:00 PM,11/27/2023 01:09:00 PM,DOT,Department of Transportation,Street Light Condition,Street Light Out,Location Type: Intersection,,11105,,,,,23 STREET,23 DRIVE,INTERSECTION,QUEENS,,,Closed,,Service Request status for this request is available on the Department of Transportation芒聙聶s website. Please click the 芒聙聹Learn More芒聙聺 link below.,11/27/2023 01:09:00 PM,01 QUEENS,22,Precinct 114,,QUEENS,1006612,222345,UNKNOWN,Unspecified,QUEENS,,,,,,,,40.7769336672631,-73.91925933455076,POINT (-73.919259334551 40.776933667263)
59488961,11/18/2023 01:09:46 PM,01/23/2024 06:48:53 AM,DOT,Department of Transportation,Broken Parking Meter,Out of Order,N/A,Street,10003,EAST    9 STREET,EAST    9 STREET,TERRENCE MCNALLY WAY,BROADWAY,TERRENCE MCNALLY WAY,BROADWAY,BLOCKFACE,,,,Closed,,The Department of Transportation has completed the request or corrected the condition.,01/23/2024 06:48:58 AM,Unspecified MANHATTAN,,Precinct 6,,MANHATTAN,986311,205741,ONLINE,Unspecified,MANHATTAN,,,,,,,,40.7313879520584,-73.9925636012436,POINT (-73.992563601244 40.731387952058)
59484534,11/18/2023 02:39:00 PM,11/18/2023 04:30:00 PM,DOT,Department of Transportation,Traffic Signal Condition,Controller,Down,,10024,,,,,RIVERSIDE DRIVE,WEST 78 STREET,INTERSECTION,MANHATTAN,,N/A,Closed,,Service Request status for this request is available on the Department of Transportation芒聙聶s website. Please click the 芒聙聹Learn More芒聙聺 link below.,11/18/2023 04:30:00 PM,07 MANHATTAN,06,Precinct 20,,MANHATTAN,988876,225038,UNKNOWN,Unspecified,MANHATTAN,,,,,,,,40.78435231530052,-73.98329541705175,POINT (-73.983295417052 40.784352315301)
59481897,11/18/2023 03:25:47 PM,01/18/2024 02:51:21 PM,DOT,Department of Transportation,Curb Condition,Broken Curb,1-3 Residential Units,Sidewalk,11411,115-68 223 STREET,223 STREET,115 ROAD,116 AVENUE,115 ROAD,116 AVENUE,ADDRESS,CAMBRIA HEIGHTS,223 STREET,,Closed,,This request required re-assignment to a new DOT unit.,01/18/2024 02:51:29 PM,13 QUEENS,27,Precinct 105,4113040038,QUEENS,1057462,193430,ONLINE,Unspecified,QUEENS,,,,,,,,40.69729459831728,-73.7359747498017,POINT (-73.735974749802 40.697294598317)
59490022,11/19/2023 09:37:42 AM,11/29/2023 09:55:07 AM,DOT,Department of Transportation,Street Condition,"Rough, Pitted or Cracked Roads",N/A,Street,11201,168 CLINTON STREET,CLINTON STREET,SCHERMERHORN STREET,STATE STREET,SCHERMERHORN STREET,STATE STREET,ADDRESS,BROOKLYN,CLINTON STREET,,Closed,,"The Department of Transportation inspected the condition you reported. You can find additional information in the ""Notes to Customer"" field.",11/29/2023 09:55:10 AM,02 BROOKLYN,33,Precinct 84,3002670037,BROOKLYN,985959,191155,ONLINE,Unspecified,BROOKLYN,,,,,,,,40.6913529255048,-73.99383737282474,POINT (-73.993837372825 40.691352925505)
59478136,11/17/2023 06:08:21 PM,11/21/2023 09:49:00 AM,DOT,Department of Transportation,Street Condition,Pothole,,,11415,83 AVENUE,83 AVENUE,HOOVER AVENUE,KEW GARDENS ROAD,,,BLOCKFACE,QUEENS,,N/A,Closed,,The Department of Transportation inspected this complaint and repaired the problem.,11/21/2023 09:49:00 AM,09 QUEENS,,Precinct 102,,QUEENS,,,UNKNOWN,Unspecified,QUEENS,,,,,,,,,,
59487072,11/18/2023 02:49:41 PM,12/13/2023 01:25:33 PM,DOT,Department of Transportation,Street Sign - Dangling,Other/Unknown,N/A,Street,11204,7113 18 AVENUE,18 AVENUE,71 STREET,72 STREET,71 STREET,72 STREET,ADDRESS,BROOKLYN,18 AVENUE,,Closed,,The Department of Transportation inspected the condition and issued a notice to the responsible party to correct the condition.,12/13/2023 01:25:37 PM,11 BROOKLYN,43,Precinct 62,3061830005,BROOKLYN,985978,163540,MOBILE,Unspecified,BROOKLYN,,,,,,,,40.61555577766678,-73.99377593455021,POINT (-73.99377593455 40.615555777667)
59483334,11/18/2023 03:44:42 AM,11/18/2023 07:36:25 AM,DOT,Department of Transportation,Street Condition,"Rough, Pitted or Cracked Roads",N/A,Street,11106,31-02 34 AVENUE,34 AVENUE,31 STREET,32 STREET,31 STREET,32 STREET,ADDRESS,ASTORIA,34 AVENUE,,Closed,,"The Department of Transportation inspected the condition and made the determination that the street meets resurfacing standards and will be planned for either the next or future resurfacing seasons (2 - 3 years). The Department of Transportation works with Community Boards and elected officials to determine resurfacing priority. For specific scheduling information regarding your street, contact your Community Board.",11/18/2023 07:36:30 AM,01 QUEENS,22,Precinct 114,4006080028,QUEENS,1004440,216029,ONLINE,Unspecified,QUEENS,,,,,,,,40.75960312138562,-73.92712056863198,POINT (-73.927120568632 40.759603121386)
59484053,11/18/2023 07:32:28 PM,11/20/2023 04:14:57 PM,DOT,Department of Transportation,Street Sign - Dangling,Other/Unknown,N/A,Street,11238,10 LEXINGTON AVENUE,LEXINGTON AVENUE,GRAND AVENUE,CLASSON AVENUE,GRAND AVENUE,CLASSON AVENUE,ADDRESS,BROOKLYN,LEXINGTON AVENUE,,Closed,,"The Department of Transportation inspected the location for the condition you reported and could not find the problem. It you would like to pursue the complaint, please call 311 or (212) 639-9675 with additional information.",11/20/2023 04:15:03 PM,02 BROOKLYN,35,Precinct 88,3019690022,BROOKLYN,994907,189367,ONLINE,Unspecified,BROOKLYN,,,,,,,,40.68643902566585,-73.9615738559906,POINT (-73.961573855991 40.686439025666)
59485517,11/18/2023 02:31:00 AM,11/20/2023 10:52:00 AM,DOT,Department of Transportation,Street Light Condition,Street Light Out,Location Type: Intersection,,11101,,,,,49 AVENUE,34 STREET,INTERSECTION,QUEENS,,,Closed,,Service Request status for this request is available on the Department of Transportation芒聙聶s website. Please click the 芒聙聹Learn More芒聙聺 link below.,11/20/2023 10:52:00 AM,02 QUEENS,26,Precinct 108,,QUEENS,1003101,208329,UNKNOWN,Unspecified,QUEENS,,,,,,,,40.7384715241544,-73.93197551173265,POINT (-73.931975511733 40.738471524154)
59477670,11/17/2023 08:42:00 AM,11/17/2023 10:40:00 AM,DOT,Department of Transportation,Traffic Signal Condition,Controller,Operating Improperly,,11422,,,,,MERRICK BOULEVARD,LAURELTON PARKWAY,INTERSECTION,QUEENS,,N/A,Closed,,Service Request status for this request is available on the Department of Transportation芒聙聶s website. Please click the 芒聙聹Learn More芒聙聺 link below.,11/17/2023 10:40:00 AM,13 QUEENS,31,Precinct 105,,QUEENS,1057739,184942,UNKNOWN,Unspecified,QUEENS,,,,,,,,40.67399479035115,-73.73506838631045,POINT (-73.73506838631 40.673994790351)
59484051,11/18/2023 11:02:46 AM,11/20/2023 04:43:47 AM,DOT,Department of Transportation,Street Condition,Plate Condition - Shifted,N/A,Street,10459,1084 HOME STREET,HOME STREET,LONGFELLOW AVENUE,WESTCHESTER AVENUE,LONGFELLOW AVENUE,WESTCHESTER AVENUE,ADDRESS,BRONX,HOME STREET,,Closed,,"The Department of Transportation inspected the condition, sent notice to responsible party, and temporary repairs were made to make the area safe.",11/20/2023 04:43:53 AM,03 BRONX,17,Precinct 42,2027580029,BRONX,1015553,240905,PHONE,Unspecified,BRONX,,,,,,,,40.82784859417596,-73.88689028901551,POINT (-73.886890289016 40.827848594176)
59476948,11/17/2023 09:32:30 AM,11/20/2023 06:20:23 AM,DOT,Department of Transportation,Broken Parking Meter,Coin or Card Did Not Register,Payment by Card,Street,10461,MORRIS PARK AVENUE,MORRIS PARK AVENUE,PAULDING AVENUE,DANIEL C CESTARO WAY,PAULDING AVENUE,DANIEL C CESTARO WAY,BLOCKFACE,,,,Closed,,The Department of Transportation inspected the condition you reported and found that the condition meets its standards and/or there is a valid permit to conduct work.,11/20/2023 06:20:28 AM,Unspecified BRONX,,Precinct 49,,BRONX,1024371,248475,ONLINE,Unspecified,BRONX,,,,,,,,40.84859036430189,-73.85498225080997,POINT (-73.85498225081 40.848590364302)
59490428,11/18/2023 10:51:56 PM,11/19/2023 07:45:00 PM,DOT,Department of Transportation,Street Condition,Pothole,,,11236,,,,,AVENUE D,EAST 94 STREET,INTERSECTION,BROOKLYN,,N/A,Closed,,The Department of Transportation inspected this complaint and repaired the problem.,11/19/2023 07:45:00 PM,18 BROOKLYN,42,Precinct 69,,BROOKLYN,1009224,175502,UNKNOWN,Unspecified,BROOKLYN,,,,,,,,40.64835389063085,-73.91000217086506,POINT (-73.910002170865 40.648353890631)
59475834,11/17/2023 03:53:28 PM,12/08/2023 08:57:41 AM,DOT,Department of Transportation,Street Condition,Failed Street Repair,N/A,Street,11375,KESSEL STREET,KESSEL STREET,68 AVENUE,69 AVENUE,68 AVENUE,69 AVENUE,BLOCKFACE,,,,Closed,,The Department of Transportation inspected the condition you reported and found that the condition meets its standards and/or there is a valid permit to conduct work.,12/08/2023 08:57:47 AM,Unspecified QUEENS,,Precinct 112,,QUEENS,,,PHONE,Unspecified,QUEENS,,,,,,,,,,
59480885,11/17/2023 05:55:27 PM,11/29/2023 03:23:12 PM,DOT,Department of Transportation,Outdoor Dining,Sidewalk Zone Blocked,Pedestrian Path Less Than 8 Feet,Sidewalk,10014,420 HUDSON STREET,HUDSON STREET,LEROY STREET,MORTON STREET,LEROY STREET,MORTON STREET,ADDRESS,NEW YORK,HUDSON STREET,,Closed,,"The Department of Transportation's inspectors could not find the condition you reported. If you would like to pursue the complaint, please check the address and submit a new Service Request.",11/29/2023 03:23:20 PM,02 MANHATTAN,03,Precinct 6,1005830001,MANHATTAN,982363,205394,ONLINE,Unspecified,MANHATTAN,,,,,,,,40.73043556089301,-74.0068084832097,POINT (-74.00680848321 40.730435560893)
59482981,11/18/2023 12:12:35 PM,11/20/2023 07:57:31 AM,DOT,Department of Transportation,Street Sign - Damaged,Other/Unknown,N/A,Street,10461,3092 MIDDLETOWN ROAD,MIDDLETOWN ROAD,WATERSTONE DRIVE,PARKVIEW AVENUE,WATERSTONE DRIVE,PARKVIEW AVENUE,ADDRESS,BRONX,MIDDLETOWN ROAD,,Closed,,"The Department of Transportation inspected the condition you reported. You can find additional information in the ""Notes to Customer"" field.",11/20/2023 07:57:37 AM,10 BRONX,13,Precinct 45,2054040244,BRONX,1032088,247153,MOBILE,Unspecified,BRONX,,,,,,,,40.84492343314111,-73.82709857666944,POINT (-73.827098576669 40.844923433141)
59489502,11/20/2023 12:37:00 AM,04/09/2024 02:22:00 PM,DOT,Department of Transportation,Street Light Condition,Lamppost Knocked Down,Location Type: Intersection,,11207,1567 BUSHWICK AVENUE,BUSHWICK AVENUE,DE SALES PL,EASTERN PKWY,BUSHWICK AVENUE,VANDERVEER STREET,INTERSECTION,BROOKLYN,,,Closed,,Service Request status for this request is available on the Department of Transportation芒聙聶s website. Please click the 芒聙聹Learn More芒聙聺 link below.,12/05/2023 01:48:00 PM,04 BROOKLYN,37,Precinct 83,3034710006,BROOKLYN,1010844,187585,UNKNOWN,Unspecified,BROOKLYN,,,,,,,,40.681514308298716,-73.90411658267415,POINT (-73.904116582674 40.681514308299)
59484062,11/18/2023 02:48:32 PM,11/20/2023 03:02:46 AM,DOT,Department of Transportation,Street Condition,Plate Condition - Noisy,N/A,Street,10022,LEXINGTON AVENUE,LEXINGTON AVENUE,EAST   53 STREET,EAST   54 STREET,EAST   53 STREET,EAST   54 STREET,BLOCKFACE,,,,Closed,,This request required re-assignment to a new DOT unit.,11/20/2023 03:03:03 AM,Unspecified MANHATTAN,,Precinct 18,,MANHATTAN,,,ONLINE,Unspecified,MANHATTAN,,,,,,,,,,
59480168,11/16/2023 01:11:15 AM,11/17/2023 07:10:00 PM,DOT,Department of Transportation,Street Condition,Pothole,,,10001,WEST   35 STREET,WEST   35 STREET,5 AVENUE,6 AVENUE,,,BLOCKFACE,MANHATTAN,,N/A,Closed,,The Department of Transportation inspected this complaint and repaired the problem.,11/17/2023 07:10:00 PM,05 MANHATTAN,,Precinct 14,,MANHATTAN,,,UNKNOWN,Unspecified,MANHATTAN,,,,,,,,,,
59486081,11/18/2023 02:47:13 PM,12/01/2023 11:56:21 AM,DOT,Department of Transportation,Sidewalk Condition,Broken Sidewalk,City-Owned,Sidewalk,11004,256-04 UNION TURNPIKE,UNION TURNPIKE,256 STREET,257 STREET,256 STREET,257 STREET,ADDRESS,GLEN OAKS,UNION TURNPIKE,,Closed,,"The Department of Transportation will inspect the complaint location and notify the property owner within 180 days if a defective sidewalk condition exists. The property owner is responsible for maintaining, repairing and installing sidewalks adjoining their property, according to Section 19-152 of the New York City Administrative Code.",12/01/2023 11:56:26 AM,13 QUEENS,23,Precinct 105,4086930010,QUEENS,1063211,210970,ONLINE,Unspecified,QUEENS,,,,,,,,40.74538798026547,-73.7150364341166,POINT (-73.715036434117 40.745387980265)
59488513,11/18/2023 04:53:00 PM,11/22/2023 12:56:00 PM,DOT,Department of Transportation,Street Light Condition,Street Light Out,Location Type: Intersection,,11421,87-88 97 STREET,97 STREET,89 AVE,JAMAICA AVE,97 STREET,89 AVENUE,INTERSECTION,QUEENS,,,Closed,,Service Request status for this request is available on the Department of Transportation芒聙聶s website. Please click the 芒聙聹Learn More芒聙聺 link below.,11/22/2023 12:56:00 PM,09 QUEENS,32,Precinct 102,4089370050,QUEENS,1026544,191507,UNKNOWN,Unspecified,QUEENS,,,,,,,,40.69221819078022,-73.84748644374645,POINT (-73.847486443746 40.69221819078)
59485115,11/18/2023 02:50:49 PM,11/20/2023 03:44:42 PM,DOT,Department of Transportation,Street Condition,Defective Hardware,N/A,Street,10075,EAST   77 STREET,EAST   77 STREET,EAST   77 STREET,LEXINGTON AVENUE,EAST   77 STREET,LEXINGTON AVENUE,INTERSECTION,,,,Closed,,This request required re-assignment to a new DOT unit.,11/20/2023 03:44:56 PM,08 MANHATTAN,04,Precinct 19,,MANHATTAN,995369,221138,PHONE,Unspecified,MANHATTAN,,,,,,,,40.77364206279381,-73.9598555143181,POINT (-73.959855514318 40.773642062794)
59486080,11/18/2023 10:13:47 AM,11/28/2023 11:33:43 AM,DOT,Department of Transportation,Sidewalk Condition,Broken Sidewalk,4 + Residential Units/Commercial,Sidewalk,11106,32-85 34 STREET,34 STREET,BROADWAY,34 AVENUE,BROADWAY,34 AVENUE,ADDRESS,ASTORIA,34 STREET,,Closed,,"The Department of Transportation inspected the location more than six months ago and has notified the property owner of any defective sidewalk conditions. The property owner is responsible for maintaining, repairing and installing sidewalks adjoining their property, according to Section 19-152 of the New York City Administrative Code.",11/28/2023 11:33:46 AM,01 QUEENS,22,Precinct 114,4006220003,QUEENS,1005480,216312,MOBILE,Unspecified,QUEENS,,,,,,,,40.760377447465814,-73.92336561001105,POINT (-73.923365610011 40.760377447466)
59476415,11/17/2023 04:54:00 AM,11/21/2023 07:34:00 AM,DOT,Department of Transportation,Street Light Condition,Street Light Cycling,Location Type: Intersection,,10305,74 OCEAN AVENUE,OCEAN AVENUE,CEDAR AVE,GUILFORD ST,OCEAN AVENUE,GUILFORD STREET,INTERSECTION,STATEN ISLAND,,,Closed,,"Service Request status for this request is available on the Department of Transportation's website. Please click the ""Learn More"" link below.",11/21/2023 07:34:00 AM,02 STATEN ISLAND,50,Precinct 122,5031200050,STATEN ISLAND,966602,156488,UNKNOWN,Unspecified,STATEN ISLAND,,,,,,,,40.596182075854465,-74.06354771197412,POINT (-74.063547711974 40.596182075854)
59490016,11/19/2023 11:07:36 PM,11/20/2023 12:40:22 PM,DOT,Department of Transportation,Street Condition,Cave-in,N/A,Street,10469,2535 FENTON AVENUE,FENTON AVENUE,MACE AVENUE,ALLERTON AVENUE,MACE AVENUE,ALLERTON AVENUE,ADDRESS,BRONX,FENTON AVENUE,,Closed,,The Department of Transportation inspected and has requested the Department of Environmental Protection address the issue. The condition will be re-inspected in 60 days.,11/20/2023 12:40:26 PM,11 BRONX,13,Precinct 49,2044760069,BRONX,1027280,253892,ONLINE,Unspecified,BRONX,,,,,,,,40.863444690121774,-73.84443289060644,POINT (-73.844432890606 40.863444690122)
59485506,11/18/2023 10:38:00 AM,11/27/2023 09:12:00 AM,DOT,Department of Transportation,Street Light Condition,Street Light Out,Location Type: Intersection,,11233,281 MALCOLM X BOULEVARD,MALCOLM X BOULEVARD,DECATUR ST,MAC DONOUGH ST,MALCOLM X BOULEVARD,MAC DONOUGH STREET,INTERSECTION,BROOKLYN,,,Closed,,Service Request status for this request is available on the Department of Transportation芒聙聶s website. Please click the 芒聙聹Learn More芒聙聺 link below.,11/27/2023 09:12:00 AM,03 BROOKLYN,36,Precinct 81,3016770008,BROOKLYN,1003940,188011,UNKNOWN,Unspecified,BROOKLYN,,,,,,,,40.68270163100842,-73.92900737266017,POINT (-73.92900737266 40.682701631008)
59490023,11/19/2023 05:16:34 PM,11/22/2023 03:41:27 PM,DOT,Department of Transportation,Street Sign - Dangling,Stop,N/A,Street,11357,22 AVENUE,22 AVENUE,22 AVENUE,146 STREET,22 AVENUE,146 STREET,INTERSECTION,,,,Closed,,The Department of Transportation has completed the request or corrected the condition.,11/22/2023 03:41:31 PM,07 QUEENS,19,Precinct 109,,QUEENS,1033735,223287,ONLINE,Unspecified,QUEENS,,,,,,,,40.77940897138895,-73.82132177084829,POINT (-73.821321770848 40.779408971389)
59487487,11/18/2023 10:23:00 AM,11/18/2023 11:25:00 AM,DOT,Department of Transportation,Traffic Signal Condition,Controller,Operating Improperly,,11215,,,,,6 AVENUE,15 STREET,INTERSECTION,BROOKLYN,,N/A,Closed,,Service Request status for this request is available on the Department of Transportation芒聙聶s website. Please click the 芒聙聹Learn More芒聙聺 link below.,11/18/2023 11:25:00 AM,06 BROOKLYN,39,Precinct 78,,BROOKLYN,987870,181345,UNKNOWN,Unspecified,BROOKLYN,,,,,,,,40.66442611865891,-73.98695160627513,POINT (-73.986951606275 40.664426118659)
59484539,11/18/2023 09:17:00 AM,11/18/2023 10:05:00 AM,DOT,Department of Transportation,Traffic Signal Condition,Controller,Operating Improperly,,10031,,,,,AMSTERDAM AVENUE,WEST 138 STREET,INTERSECTION,MANHATTAN,,N/A,Closed,,Service Request status for this request is available on the Department of Transportation芒聙聶s website. Please click the 芒聙聹Learn More芒聙聺 link below.,11/18/2023 10:05:00 AM,09 MANHATTAN,07,Precinct 26,,MANHATTAN,997860,238331,UNKNOWN,Unspecified,MANHATTAN,,,,,,,,40.82082868072917,-73.95082706368065,POINT (-73.950827063681 40.820828680729)
59489501,11/19/2023 02:40:00 PM,02/04/2025 09:27:00 AM,DOT,Department of Transportation,Street Light Condition,Lamppost Base Door/Cover Missing,Location Type: Intersection,,11427,,,,,218 STREET,HILLSIDE AVENUE,INTERSECTION,QUEENS,,,Closed,,Service Request status for this request is available on the Department of Transportation芒聙聶s website. Please click the 芒聙聹Learn More芒聙聺 link below.,11/22/2023 03:27:00 PM,13 QUEENS,23,Precinct 105,,QUEENS,1054412,204789,UNKNOWN,Unspecified,QUEENS,,,,,,,,40.72849692299869,-73.74685555571364,POINT (-73.746855555714 40.728496922999)
59489066,11/18/2023 01:51:51 PM,11/21/2023 04:20:48 PM,DOT,Department of Transportation,Street Condition,Failed Street Repair,N/A,Street,10016,2 AVENUE,2 AVENUE,2 AVENUE,EAST   34 STREET,2 AVENUE,EAST   34 STREET,INTERSECTION,,,,Closed,,"The Department of Transportation inspected the location for the condition you reported and could not find the problem. It you would like to pursue the complaint, please call 311 or (212) 639-9675 with additional information.",11/21/2023 04:20:52 PM,06 MANHATTAN,04,Precinct 17,,MANHATTAN,990933,210621,PHONE,Unspecified,MANHATTAN,,,,,,,,40.74478005822341,-73.9758818809488,POINT (-73.975881880949 40.744780058223)
59486079,11/18/2023 11:12:15 PM,11/28/2023 01:34:47 PM,DOT,Department of Transportation,Sidewalk Condition,Broken Sidewalk,4 + Residential Units/Commercial,Sidewalk,10306,20 HEMPSTEAD AVENUE,HEMPSTEAD AVENUE,OLYMPIA BOULEVARD,COLONY AVENUE,OLYMPIA BOULEVARD,COLONY AVENUE,ADDRESS,STATEN ISLAND,HEMPSTEAD AVENUE,,Closed,,The request submitted did not have sufficient information for the Department of Transportation to respond.,11/28/2023 01:34:50 PM,02 STATEN ISLAND,50,Precinct 122,,STATEN ISLAND,958499,148053,ONLINE,Unspecified,STATEN ISLAND,,,,,,,,40.573009849984,-74.09269320030742,POINT (-74.092693200307 40.573009849984)
59490008,11/19/2023 08:00:16 PM,12/01/2023 12:17:09 PM,DOT,Department of Transportation,Sidewalk Condition,Broken Sidewalk,4 + Residential Units/Commercial,Sidewalk,11415,84-47 118 STREET,118 STREET,84 AVENUE,85 AVENUE,84 AVENUE,85 AVENUE,ADDRESS,KEW GARDENS,118 STREET,,Closed,,"The Department of Transportation will inspect the complaint location and notify the property owner within 180 days if a defective sidewalk condition exists. The property owner is responsible for maintaining, repairing and installing sidewalks adjoining their property, according to Section 19-152 of the New York City Administrative Code.",12/01/2023 12:17:13 PM,09 QUEENS,29,Precinct 102,4092340034,QUEENS,1030463,195550,ONLINE,Unspecified,QUEENS,,,,,,,,40.703295668130146,-73.83332669326022,POINT (-73.83332669326 40.70329566813)
59477102,11/17/2023 06:12:52 PM,11/29/2023 11:31:17 AM,DOT,Department of Transportation,Sidewalk Condition,Sidewalk Violation,Sidewalk Violation Inquiry,Sidewalk,10462,1828 DELANCEY PLACE,DELANCEY PLACE,MORRIS PARK AVENUE,BEND,MORRIS PARK AVENUE,BEND,ADDRESS,BRONX,DELANCEY PLACE,,Closed,,"The Department of Transportation inspected the condition you reported. You can find additional information in the ""Notes to Customer"" field.",11/29/2023 11:31:22 AM,11 BRONX,13,Precinct 49,2040560014,BRONX,1022788,247926,PHONE,Unspecified,BRONX,,,,,,,,40.84709057412923,-73.86070716547812,POINT (-73.860707165478 40.847090574129)
59488516,11/18/2023 10:13:00 AM,11/18/2023 11:25:00 AM,DOT,Department of Transportation,Traffic Signal Condition,Controller,Operating Improperly,,10460,,,,,CROSS BX EXPRESSWAY,TAYLOR AVENUE,INTERSECTION,BRONX,,N/A,Assigned,,Service Request status for this request is available on the Department of Transportation芒聙聶s website. Please click the 芒聙聹Learn More芒聙聺 link below.,11/18/2023 11:25:00 AM,09 BRONX,18,Precinct 43,,BRONX,1021336,243593,UNKNOWN,Unspecified,BRONX,,,,,,,,40.835203984799826,-73.86597926814875,POINT (-73.865979268149 40.8352039848)
45293649,01/02/2020 06:15:00 PM,10/19/2020 09:42:00 AM,DOT,Department of Transportation,Street Light Condition,Street Light Out,Location Type: Intersection,,,,,,,,,INTERSECTION,,,,Closed,,Service Request status for this request is available on the Department of Transportation芒聙聶s website. Please click the 芒聙聹Learn More芒聙聺 link below.,10/19/2020 09:42:00 AM,,,Unspecified,,,,,UNKNOWN,Unspecified,,,,,,,,,,,
59485500,11/17/2023 02:45:07 PM,11/18/2023 10:30:00 AM,DOT,Department of Transportation,Street Condition,Pothole,,,10036,7 AVENUE,7 AVENUE,WEST   41 STREET,WEST   42 STREET,,,BLOCKFACE,MANHATTAN,,N/A,Closed,,The Department of Transportation inspected this complaint and repaired the problem.,11/18/2023 10:30:00 AM,05 MANHATTAN,,Precinct 14,,MANHATTAN,,,UNKNOWN,Unspecified,MANHATTAN,,,,,,,,,,
59484282,11/18/2023 04:43:00 PM,11/18/2023 05:40:00 PM,DOT,Department of Transportation,Traffic Signal Condition,Veh Signal Lamp,Operating Improperly,,11221,,,,,BUSHWICK AVENUE,DE KALB AVENUE,INTERSECTION,BROOKLYN,,N/A,Closed,,Service Request status for this request is available on the Department of Transportation芒聙聶s website. Please click the 芒聙聹Learn More芒聙聺 link below.,11/18/2023 05:40:00 PM,04 BROOKLYN,34,Precinct 83,,BROOKLYN,1004096,192566,UNKNOWN,Unspecified,BROOKLYN,,,,,,,,40.695203706531906,-73.92843149428856,POINT (-73.928431494289 40.695203706532)
59485946,11/18/2023 08:50:35 PM,11/20/2023 08:20:00 AM,DOT,Department of Transportation,Street Condition,Pothole,,,10128,,,,,EAST 90 STREET,YORK AVENUE,INTERSECTION,MANHATTAN,,N/A,Closed,,The Department of Transportation inspected this complaint and repaired the problem.,11/20/2023 08:20:00 AM,08 MANHATTAN,05,Precinct 19,,MANHATTAN,999412,222905,UNKNOWN,Unspecified,MANHATTAN,,,,,,,,40.77848600219572,-73.94525452040779,POINT (-73.945254520408 40.778486002196)
59475157,11/17/2023 07:04:00 AM,11/30/2023 01:20:00 PM,DOT,Department of Transportation,Traffic Signal Condition,Controller,Steady,,10456,,,,,GRAND CONCOURSE,EAST 170 STREET,INTERSECTION,BRONX,,N/A,Closed,,"Service Request status for this request is available on the Department of Transportation's website. Please click the ""Learn More"" link below.",11/30/2023 01:20:00 PM,04 BRONX,14,Precinct 44,,BRONX,1008110,244858,UNKNOWN,Unspecified,BRONX,,,,,,,,40.83872167806522,-73.91377061389227,POINT (-73.913770613892 40.838721678065)
59478322,11/17/2023 05:03:00 PM,11/21/2023 11:21:52 AM,DOT,Department of Transportation,Sidewalk Condition,Pedestrian Ramp Defective,N/A,Sidewalk,10033,21 BENNETT AVENUE,BENNETT AVENUE,WEST  181 STREET,WEST  184 STREET,WEST  181 STREET,WEST  184 STREET,ADDRESS,NEW YORK,BENNETT AVENUE,,Closed,,The Department of Transportation inspected the condition you reported and determined that this issue is not within its jurisdiction.,11/21/2023 11:21:58 AM,12 MANHATTAN,10,Precinct 34,1021800096,MANHATTAN,1001858,249341,ONLINE,Unspecified,MANHATTAN,,,,,,,,40.85104087315475,-73.93635338951239,POINT (-73.936353389512 40.851040873155)
59490012,11/19/2023 09:02:33 AM,11/29/2023 09:21:30 AM,DOT,Department of Transportation,Street Condition,Blocked - Construction,N/A,Street,11420,132-07 115 AVENUE,115 AVENUE,132 STREET,133 STREET,132 STREET,133 STREET,ADDRESS,SOUTH OZONE PARK,115 AVENUE,,Closed,,"The Department of Transportation inspected the location for the condition you reported and could not find the problem. It you would like to pursue the complaint, please call 311 or (212) 639-9675 with additional information.",11/29/2023 09:21:33 AM,10 QUEENS,28,Precinct 106,4116580042,QUEENS,1037292,187112,ONLINE,Unspecified,QUEENS,,,,,,,,40.68009706099228,-73.8087635120054,POINT (-73.808763512005 40.680097060992)
59488512,11/18/2023 08:37:00 PM,11/28/2023 08:52:00 AM,DOT,Department of Transportation,Street Light Condition,Lamppost Damaged,Location Type: Intersection,,11223,2326 EAST    5 STREET,EAST    5 STREET,AVE W,GRAVESEND NECK RD,EAST 5 STREET,AVENUE W,INTERSECTION,BROOKLYN,,,Closed,,Service Request status for this request is available on the Department of Transportation芒聙聶s website. Please click the 芒聙聹Learn More芒聙聺 link below.,11/28/2023 08:52:00 AM,15 BROOKLYN,47,Precinct 61,3071560040,BROOKLYN,993694,155388,UNKNOWN,Unspecified,BROOKLYN,,,,,,,,40.59317533636156,-73.96599515349115,POINT (-73.965995153491 40.593175336362)
59477679,11/17/2023 08:04:00 AM,12/18/2024 11:42:00 AM,DOT,Department of Transportation,Street Light Condition,Street Light Out,Location Type: Intersection,,10031,,,,,WEST 135 STREET,AMSTERDAM AVENUE,INTERSECTION,MANHATTAN,,,Closed,,Service Request status for this request is available on the Department of Transportation芒聙聶s website. Please click the 芒聙聹Learn More芒聙聺 link below.,11/22/2023 05:44:00 AM,09 MANHATTAN,09,Precinct 26,,MANHATTAN,997480,237646,UNKNOWN,Unspecified,MANHATTAN,,,,,,,,40.81894912641132,-73.95220135404699,POINT (-73.952201354047 40.818949126411)
59478916,11/17/2023 02:11:00 PM,11/21/2023 11:40:00 AM,DOT,Department of Transportation,Street Light Condition,Street Light Out,Location Type: Intersection,,11691,21-03 CORNAGA AVENUE,CORNAGA AVENUE,BEACH 21 ST,BEACH 22 ST,CORNAGA AVENUE,BEACH 21 STREET,INTERSECTION,QUEENS,,,Closed,,Service Request status for this request is available on the Department of Transportation芒聙聶s website. Please click the 芒聙聹Learn More芒聙聺 link below.,11/21/2023 11:40:00 AM,14 QUEENS,31,Precinct 101,4157510036,QUEENS,1052520,158786,UNKNOWN,Unspecified,QUEENS,,,,,,,,40.602244228388656,-73.75414769239295,POINT (-73.754147692393 40.602244228389)
59475830,11/17/2023 08:57:02 PM,11/20/2023 11:17:26 AM,DOT,Department of Transportation,Street Condition,Defective Hardware,N/A,Street,10457,380 EAST  173 STREET,EAST  173 STREET,CARTER AVENUE,WEBSTER AVENUE,CARTER AVENUE,WEBSTER AVENUE,ADDRESS,BRONX,EAST  173 STREET,,Closed,,"The Department of Transportation inspected the condition and determined it was in compliance with their standards, not hazardous, or a valid permit exists.",11/20/2023 11:17:31 AM,04 BRONX,15,Precinct 44,2028880039,BRONX,1010820,246456,PHONE,Unspecified,BRONX,,,,,,,,40.84309998167381,-73.90397042455193,POINT (-73.903970424552 40.843099981674)
59475166,11/17/2023 12:53:00 PM,11/17/2023 02:48:00 PM,DOT,Department of Transportation,Traffic Signal Condition,Controller,Operating Improperly,,11249,,,,,KENT AVENUE,BROADWAY,INTERSECTION,BROOKLYN,,N/A,Closed,,Service Request status for this request is available on the Department of Transportation芒聙聶s website. Please click the 芒聙聹Learn More芒聙聺 link below.,11/17/2023 02:48:00 PM,01 BROOKLYN,33,Precinct 90,,BROOKLYN,992976,198249,UNKNOWN,Unspecified,BROOKLYN,,,,,,,,40.710820157084164,-73.96852499067981,POINT (-73.96852499068 40.710820157084)
59485000,11/18/2023 01:13:04 PM,11/30/2023 06:23:02 AM,DOT,Department of Transportation,Broken Parking Meter,Out of Order,N/A,Street,11224,1001 SURF AVENUE,SURF AVENUE,WEST   10 STREET,JONES WALK,WEST   10 STREET,JONES WALK,ADDRESS,BROOKLYN,SURF AVENUE,,Closed,,The Department of Transportation has completed the request or corrected the condition.,11/30/2023 06:23:07 AM,13 BROOKLYN,48,Precinct 60,3072680228,BROOKLYN,990360,148929,MOBILE,Unspecified,BROOKLYN,,,,,,,,40.575449589546444,-73.97800566808014,POINT (-73.97800566808 40.575449589546)
59475683,11/17/2023 07:59:10 PM,11/24/2023 07:09:24 AM,DOT,Department of Transportation,Bus Stop Shelter Complaint,Damaged Other,N/A,Bus Stop Shelter,11375,71 AVENUE,71 AVENUE,71 AVENUE,QUEENS BOULEVARD,71 AVENUE,QUEENS BOULEVARD,INTERSECTION,,,,Closed,,The contractor has reported that the requested work has been completed.,11/24/2023 07:09:28 AM,06 QUEENS,29,Precinct 112,,QUEENS,1027498,202160,PHONE,Unspecified,QUEENS,,,,,,,,40.721453503515995,-73.84397787334406,POINT (-73.843977873344 40.721453503516)
59475825,11/17/2023 02:46:38 PM,11/29/2023 10:25:48 AM,DOT,Department of Transportation,Sidewalk Condition,Sidewalk Violation,Sidewalk Violation Inquiry,Sidewalk,11216,315 MONROE STREET,MONROE STREET,MARCY AVENUE,TOMPKINS AVENUE,MARCY AVENUE,TOMPKINS AVENUE,ADDRESS,BROOKLYN,MONROE STREET,,Closed,,"The Department of Transportation inspected the condition you reported. You can find additional information in the ""Notes to Customer"" field.",11/29/2023 10:25:52 AM,03 BROOKLYN,36,Precinct 79,3018140050,BROOKLYN,999322,189226,ONLINE,Unspecified,BROOKLYN,,,,,,,,40.68604559602872,-73.94565492690357,POINT (-73.945654926904 40.686045596029)
59487485,11/18/2023 03:11:00 AM,11/18/2023 03:40:00 AM,DOT,Department of Transportation,Traffic Signal Condition,Controller,Operating Improperly,,,,,,,37 AVE,69 ST,INTERSECTION,,,N/A,Closed,,Service Request status for this request is available on the Department of Transportation芒聙聶s website. Please click the 芒聙聹Learn More芒聙聺 link below.,11/18/2023 03:40:00 AM,Unspecified QUEENS,,Unspecified,,QUEENS,,,UNKNOWN,Unspecified,QUEENS,,,,,,,,,,
59487071,11/18/2023 04:53:26 PM,11/20/2023 07:45:05 AM,DOT,Department of Transportation,Street Condition,"Rough, Pitted or Cracked Roads",N/A,Street,10309,BLOOMINGDALE ROAD,BLOOMINGDALE ROAD,BLOOMINGDALE ROAD,SUTTER PLACE,BLOOMINGDALE ROAD,SUTTER PLACE,INTERSECTION,,,,Closed,,"The Department of Transportation inspected the condition you reported. You can find additional information in the ""Notes to Customer"" field.",11/20/2023 07:45:10 AM,03 STATEN ISLAND,51,Precinct 123,,STATEN ISLAND,924148,131479,PHONE,Unspecified,STATEN ISLAND,,,,,,,,40.52735119501616,-74.21619532506939,POINT (-74.216195325069 40.527351195016)
59490867,11/20/2023 02:41:29 AM,11/20/2023 12:35:00 PM,DOT,Department of Transportation,Street Condition,Pothole,,,11208,,,,,ATLANTIC AVENUE,LOGAN STREET,INTERSECTION,BROOKLYN,,N/A,Closed,,The Department of Transportation inspected this complaint and repaired the problem.,11/20/2023 12:35:00 PM,05 BROOKLYN,37,Precinct 75,,BROOKLYN,1018247,187048,UNKNOWN,Unspecified,BROOKLYN,,,,,,,,40.68001502929528,-73.87742815425175,POINT (-73.877428154252 40.680015029295)
59486085,11/18/2023 01:01:05 PM,12/05/2023 02:50:31 AM,DOT,Department of Transportation,Street Condition,"Rough, Pitted or Cracked Roads",N/A,Street,10466,BAYCHESTER AVENUE,BAYCHESTER AVENUE,BAYCHESTER AVENUE,NEREID AVENUE,BAYCHESTER AVENUE,NEREID AVENUE,INTERSECTION,,,,Closed,,"The Department of Transportation inspected the location for the condition you reported and could not find the problem. It you would like to pursue the complaint, please call 311 or (212) 639-9675 with additional information.",12/05/2023 02:50:37 AM,12 BRONX,12,Precinct 47,,BRONX,1026801,266936,PHONE,Unspecified,BRONX,,,,,,,,40.89924867623676,-73.84608176187152,POINT (-73.846081761872 40.899248676237)
59483909,11/18/2023 05:15:31 PM,11/20/2023 11:35:00 AM,DOT,Department of Transportation,Street Condition,Pothole,,,11224,,,,,STILLWELL AVENUE,SURF AVENUE,INTERSECTION,BROOKLYN,,N/A,Closed,,The Department of Transportation inspected this complaint and repaired the problem.,11/20/2023 11:35:00 AM,13 BROOKLYN,47,Precinct 60,,BROOKLYN,989468,148972,UNKNOWN,Unspecified,BROOKLYN,,,,,,,,40.575568185976934,-73.98121659125884,POINT (-73.981216591259 40.575568185977)
59489064,11/18/2023 08:27:41 AM,11/21/2023 12:06:24 PM,DOT,Department of Transportation,Street Condition,Defective Hardware,N/A,Street,11238,380 CLASSON AVENUE,CLASSON AVENUE,GREENE AVENUE,LEXINGTON AVENUE,GREENE AVENUE,LEXINGTON AVENUE,ADDRESS,BROOKLYN,CLASSON AVENUE,,Closed,,This request required re-assignment to a new DOT unit.,11/21/2023 12:06:33 PM,02 BROOKLYN,35,Precinct 88,3019667511,BROOKLYN,995430,189659,ONLINE,Unspecified,BROOKLYN,,,,,,,,40.68723985351388,-73.95968758084642,POINT (-73.959687580846 40.687239853514)
59489499,11/19/2023 12:05:00 PM,11/19/2023 05:30:00 PM,DOT,Department of Transportation,Traffic Signal Condition,Veh Signal Lamp,Out,,11204,,,,,21 AVENUE,72 STREET,INTERSECTION,BROOKLYN,,N/A,Closed,,Service Request status for this request is available on the Department of Transportation芒聙聶s website. Please click the 芒聙聹Learn More芒聙聺 link below.,11/19/2023 05:30:00 PM,11 BROOKLYN,44,Precinct 62,,BROOKLYN,987644,161966,UNKNOWN,Unspecified,BROOKLYN,,,,,,,,40.611234990883794,-73.9877759774725,POINT (-73.987775977472 40.611234990884)
59482885,11/18/2023 11:41:55 AM,11/20/2023 11:57:08 AM,DOT,Department of Transportation,Broken Parking Meter,Coin or Card Did Not Register,Payment by Cash,Street,10461,66 WESTCHESTER SQUARE,WESTCHESTER SQUARE,LANE AVENUE,FINK AVENUE,LANE AVENUE,FINK AVENUE,ADDRESS,BRONX,WESTCHESTER SQUARE,,Closed,,The Department of Transportation inspected the condition you reported and found that the condition meets its standards and/or there is a valid permit to conduct work.,11/20/2023 11:57:12 AM,10 BRONX,18,Precinct 45,2040720001,BRONX,1027695,245806,PHONE,Unspecified,BRONX,,,,,,,,40.841249024808214,-73.84298493699204,POINT (-73.842984936992 40.841249024808)
59475144,11/17/2023 02:11:00 PM,11/27/2023 02:00:00 PM,DOT,Department of Transportation,Street Light Condition,Street Light Dayburning,Location Type: Park,,11218,PARADE GROUND,PARADE GROUND,,,CATON AVENUE,CONEY ISLAND AVENUE,INTERSECTION,BROOKLYN,,,Closed,,Service Request status for this request is available on the Department of Transportation芒聙聶s website. Please click the 芒聙聹Learn More芒聙聺 link below.,11/27/2023 02:00:00 PM,14 BROOKLYN,40,Precinct 70,,BROOKLYN,992187,175455,UNKNOWN,Unspecified,BROOKLYN,,,,,,,,40.64825654253355,-73.9713977891148,POINT (-73.971397789115 40.648256542534)
59485512,11/18/2023 10:57:00 AM,11/18/2023 01:50:00 PM,DOT,Department of Transportation,Traffic Signal Condition,Controller,Operating Improperly,,10466,,,,,PAULDING AVENUE,EAST 224 STREET,INTERSECTION,BRONX,,N/A,Closed,,Service Request status for this request is available on the Department of Transportation芒聙聶s website. Please click the 芒聙聹Learn More芒聙聺 link below.,11/18/2023 01:50:00 PM,12 BRONX,12,Precinct 47,,BRONX,1025071,261523,UNKNOWN,Unspecified,BRONX,,,,,,,,40.884399899656366,-73.85237261654099,POINT (-73.852372616541 40.884399899656)
59476440,11/17/2023 06:05:00 PM,11/17/2023 08:05:00 PM,DOT,Department of Transportation,Traffic Signal Condition,Controller,Operating Improperly,,11203,,,,,KINGS HIGHWAY,LINDEN BOULEVARD,INTERSECTION,BROOKLYN,,N/A,Closed,,Service Request status for this request is available on the Department of Transportation芒聙聶s website. Please click the 芒聙聹Learn More芒聙聺 link below.,11/17/2023 08:05:00 PM,17 BROOKLYN,41,Precinct 67,,BROOKLYN,1005849,177671,UNKNOWN,Unspecified,BROOKLYN,,,,,,,,40.65431619588167,-73.9221575738325,POINT (-73.922157573832 40.654316195882)
59490441,11/19/2023 11:56:00 PM,11/20/2023 01:20:00 AM,DOT,Department of Transportation,Traffic Signal Condition,Controller,Operating Improperly,,10065,,,,,PARK AVENUE,EAST 64 STREET,INTERSECTION,MANHATTAN,,N/A,Closed,,Service Request status for this request is available on the Department of Transportation芒聙聶s website. Please click the 芒聙聹Learn More芒聙聺 link below.,11/20/2023 01:20:00 AM,08 MANHATTAN,04,Precinct 19,,MANHATTAN,993248,218367,UNKNOWN,Unspecified,MANHATTAN,,,,,,,,40.766038803094325,-73.9675169673126,POINT (-73.967516967313 40.766038803094)
59490020,11/19/2023 03:38:34 AM,11/29/2023 03:53:34 PM,DOT,Department of Transportation,Street Condition,Defective Hardware,N/A,Street,11104,41-43 43 STREET,43 STREET,SKILLMAN AVENUE,43 AVENUE,SKILLMAN AVENUE,43 AVENUE,ADDRESS,SUNNYSIDE,43 STREET,,Closed,,"The Department of Transportation inspected the condition and issued a Corrective Action Repair (CAR) to the contractor or utility company. The responsible party has a maximum of 30 days to correct the condition. If the condition still exists, a summons will be issued. In some cases, the Department of Transportation will make the repairs and charge the responsible party for the costs.",11/29/2023 03:53:40 PM,02 QUEENS,26,Precinct 108,4001580001,QUEENS,1006183,211291,ONLINE,Unspecified,QUEENS,,,,,,,,40.74659436592451,-73.92084435486315,POINT (-73.920844354863 40.746594365925)
59490974,11/19/2023 03:13:47 PM,11/21/2023 09:17:21 AM,DOT,Department of Transportation,Street Condition,Defective Hardware,N/A,Street,10075,180 EAST   79 STREET,EAST   79 STREET,LEXINGTON AVENUE,3 AVENUE,LEXINGTON AVENUE,3 AVENUE,ADDRESS,NEW YORK,EAST   79 STREET,,Closed,,"The Department of Transportation inspected the condition and issued a Corrective Action Repair (CAR) to the contractor or utility company. The responsible party has a maximum of 30 days to correct the condition. If the condition still exists, a summons will be issued. In some cases, the Department of Transportation will make the repairs and charge the responsible party for the costs.",11/21/2023 09:17:28 AM,08 MANHATTAN,04,Precinct 19,1014130040,MANHATTAN,995903,221466,ONLINE,Unspecified,MANHATTAN,,,,,,,,40.774541648904346,-73.95792697070425,POINT (-73.957926970704 40.774541648904)
59478953,11/17/2023 10:04:00 AM,11/17/2023 11:40:00 PM,DOT,Department of Transportation,Street Light Condition,Street Light Out,Location Type: Park,,10016,ST VARTAN PARK,ST VARTAN PARK,1 AVE,2 AVE,,,PLACENAME,NEW YORK,,,Closed,,Service Request status for this request is available on the Department of Transportation芒聙聶s website. Please click the 芒聙聹Learn More芒聙聺 link below.,11/17/2023 11:40:00 PM,06 MANHATTAN,04,Precinct 17,1009410011,MANHATTAN,991471,210794,UNKNOWN,Unspecified,MANHATTAN,,,,,,,,40.745254476951025,-73.97394011997355,POINT (-73.973940119974 40.745254476951)
59480172,11/17/2023 07:22:00 PM,11/27/2023 09:08:00 AM,DOT,Department of Transportation,Street Light Condition,Street Light Out,Location Type: Intersection,,11229,2142 HARING STREET,HARING STREET,AVE U,AVE V,HARING STREET,AVENUE V,INTERSECTION,BROOKLYN,,,Closed,,Service Request status for this request is available on the Department of Transportation芒聙聶s website. Please click the 芒聙聹Learn More芒聙聺 link below.,11/27/2023 09:08:00 AM,15 BROOKLYN,46,Precinct 61,3073630018,BROOKLYN,1000777,157298,UNKNOWN,Unspecified,BROOKLYN,,,,,,,,40.598407523070065,-73.94048685236802,POINT (-73.940486852368 40.59840752307)
59487076,11/18/2023 05:01:19 AM,11/29/2023 03:28:50 PM,DOT,Department of Transportation,Outdoor Dining,Barrier Condition,Defective,Street,11211,361 GRAHAM AVENUE,GRAHAM AVENUE,CONSELYEA STREET,SKILLMAN AVENUE,CONSELYEA STREET,SKILLMAN AVENUE,ADDRESS,BROOKLYN,GRAHAM AVENUE,,Closed,,"The Department of Transportation's inspectors could not find the condition you reported. If you would like to pursue the complaint, please check the address and submit a new Service Request.",11/29/2023 03:29:00 PM,01 BROOKLYN,34,Precinct 94,3027540029,BROOKLYN,999625,199919,ONLINE,Unspecified,BROOKLYN,,,,,,,,40.71539485231653,-73.94453798936664,POINT (-73.944537989367 40.715394852317)
59483431,11/19/2023 12:33:00 AM,11/22/2023 10:56:00 AM,DOT,Department of Transportation,Street Light Condition,Street Light Out,Location Type: Intersection,,10453,2205 DAVIDSON AVENUE,DAVIDSON AVENUE,182 ST W,BUCHANAN PL,DAVIDSON AVENUE,WEST 182 STREET,INTERSECTION,BRONX,,,Closed,,"Service Request status for this request is available on the Department of Transportation's website. Please click the ""Learn More"" link below.",11/22/2023 10:56:00 AM,05 BRONX,14,Precinct 46,2031960018,BRONX,1010347,251665,UNKNOWN,Unspecified,BRONX,,,,,,,,40.85739854706451,-73.90565966918433,POINT (-73.905659669184 40.857398547065)
59487988,11/18/2023 02:18:05 PM,11/29/2023 12:41:09 PM,DOT,Department of Transportation,Curb Condition,Defacement,N/A,Curb,11365,159-15 72 AVENUE,72 AVENUE,159 STREET,160 STREET,159 STREET,160 STREET,ADDRESS,FRESH MEADOWS,72 AVENUE,,Closed,,The Department of Transportation inspected the condition you reported and issued a notice to the responsible party to correct the condition.,11/29/2023 12:41:14 PM,08 QUEENS,24,Precinct 107,4067980004,QUEENS,1037013,204566,MOBILE,Unspecified,QUEENS,,,,,,,,40.728005740453334,-73.80963265317439,POINT (-73.809632653174 40.728005740453)
59485505,11/18/2023 06:31:00 PM,11/27/2023 09:09:00 AM,DOT,Department of Transportation,Street Light Condition,Street Light Out,Location Type: Intersection,,11230,1515 EAST    9 STREET,EAST    9 STREET,AVE O,AVE P,EAST 9 STREET,AVENUE P,INTERSECTION,BROOKLYN,,,Closed,,Service Request status for this request is available on the Department of Transportation芒聙聶s website. Please click the 芒聙聹Learn More芒聙聺 link below.,11/27/2023 09:09:00 AM,12 BROOKLYN,44,Precinct 66,3066160085,BROOKLYN,994163,161436,UNKNOWN,Unspecified,BROOKLYN,,,,,,,,40.609775354914404,-73.96429755780122,POINT (-73.964297557801 40.609775354914)
59478318,11/17/2023 11:38:34 AM,11/21/2023 09:11:17 AM,DOT,Department of Transportation,Sidewalk Condition,Blocked - Construction,N/A,Sidewalk,11211,188 AINSLIE STREET,AINSLIE STREET,LEONARD STREET,MANHATTAN AVENUE,LEONARD STREET,MANHATTAN AVENUE,ADDRESS,BROOKLYN,AINSLIE STREET,,Closed,,The Department of Transportation inspected the condition you reported and found that the condition meets its standards and/or there is a valid permit to conduct work.,11/21/2023 09:11:23 AM,01 BROOKLYN,34,Precinct 90,3027750013,BROOKLYN,998973,198980,PHONE,Unspecified,BROOKLYN,,,,,,,,40.71281863099714,-73.94689199235597,POINT (-73.946891992356 40.712818630997)
59478246,11/17/2023 01:36:14 PM,12/01/2023 12:47:10 PM,DOT,Department of Transportation,Curb Condition,Broken Curb,City-Owned,Sidewalk,11238,379 STERLING PLACE,STERLING PLACE,UNDERHILL AVENUE,WASHINGTON AVENUE,UNDERHILL AVENUE,WASHINGTON AVENUE,ADDRESS,BROOKLYN,STERLING PLACE,,Closed,,"The Department of Transportation will inspect the condition to determine if the location can be added to a curb contract (3-5 years). The property owner will be notified if there are sidewalk defects. Property owners are responsible for repairing and installing sidewalks adjoining their property, according to Section 19-152 of the NYC Administrative Code. Community Boards and elected officials may contribute funding for curb, affecting timeframe for construction.",12/01/2023 12:47:16 PM,08 BROOKLYN,35,Precinct 77,3011660090,BROOKLYN,993800,185233,ONLINE,Unspecified,BROOKLYN,,,,,,,,40.675093398848986,-73.96557124472999,POINT (-73.96557124473 40.675093398849)
59483436,11/18/2023 11:25:00 AM,11/18/2023 12:30:00 PM,DOT,Department of Transportation,Traffic Signal Condition,Controller,Operating Improperly,,11221,,,,,BUSHWICK AVENUE,DE KALB AVENUE,INTERSECTION,BROOKLYN,,N/A,Closed,,Service Request status for this request is available on the Department of Transportation芒聙聶s website. Please click the 芒聙聹Learn More芒聙聺 link below.,11/18/2023 12:30:00 PM,04 BROOKLYN,34,Precinct 83,,BROOKLYN,1004096,192566,UNKNOWN,Unspecified,BROOKLYN,,,,,,,,40.695203706531906,-73.92843149428856,POINT (-73.928431494289 40.695203706532)
59490442,11/19/2023 09:46:00 PM,11/27/2023 09:15:00 AM,DOT,Department of Transportation,Street Light Condition,Street Light Out,Location Type: Intersection,,11203,,,,,KINGS HIGHWAY,LINDEN BOULEVARD,INTERSECTION,BROOKLYN,,,Closed,,Service Request status for this request is available on the Department of Transportation芒聙聶s website. Please click the 芒聙聹Learn More芒聙聺 link below.,11/27/2023 09:15:00 AM,17 BROOKLYN,41,Precinct 67,,BROOKLYN,1005849,177671,UNKNOWN,Unspecified,BROOKLYN,,,,,,,,40.65431619588167,-73.9221575738325,POINT (-73.922157573832 40.654316195882)
59482990,11/18/2023 04:45:44 PM,11/20/2023 06:57:01 AM,DOT,Department of Transportation,Street Condition,Plate Condition - Noisy,N/A,Street,10021,3 AVENUE,3 AVENUE,3 AVENUE,EAST   75 STREET,3 AVENUE,EAST   75 STREET,INTERSECTION,,,,Closed,,This request required re-assignment to a new DOT unit.,11/20/2023 06:57:09 AM,08 MANHATTAN,05,Precinct 19,,MANHATTAN,995556,220429,PHONE,Unspecified,MANHATTAN,,,,,,,,40.77169580618168,-73.9591815548924,POINT (-73.959181554892 40.771695806182)
59488927,11/18/2023 02:46:38 PM,11/20/2023 12:05:00 PM,DOT,Department of Transportation,Street Condition,Pothole,,,11224,SURF AVENUE,SURF AVENUE,LOUIS POWSNER WAY,WEST   16 STREET,,,BLOCKFACE,BROOKLYN,,N/A,Closed,,The Department of Transportation inspected this complaint and repaired the problem.,11/20/2023 12:05:00 PM,13 BROOKLYN,,Precinct 60,,BROOKLYN,,,UNKNOWN,Unspecified,BROOKLYN,,,,,,,,,,
59474587,11/17/2023 04:16:44 PM,11/21/2023 01:21:28 PM,DOT,Department of Transportation,Street Condition,Defective Hardware,N/A,Street,10314,1552 VICTORY BOULEVARD,VICTORY BOULEVARD,BRENTON PLACE,MOONLIGHT COURT,BRENTON PLACE,MOONLIGHT COURT,ADDRESS,STATEN ISLAND,VICTORY BOULEVARD,,Closed,,This request required re-assignment to a new DOT unit.,11/21/2023 01:21:41 PM,01 STATEN ISLAND,49,Precinct 120,5006950072,STATEN ISLAND,952248,162864,ONLINE,Unspecified,STATEN ISLAND,,,,,,,,40.61364267466093,-74.1152644048169,POINT (-74.115264404817 40.613642674661)
59480183,11/17/2023 02:56:00 PM,11/21/2023 08:15:00 AM,DOT,Department of Transportation,Traffic Signal Condition,Pedestrian Signal,Damaged,,11233,,,,,RALPH AVENUE,LINCOLN PLACE,INTERSECTION,BROOKLYN,,N/A,Closed,,Service Request status for this request is available on the Department of Transportation芒聙聶s website. Please click the 芒聙聹Learn More芒聙聺 link below.,11/21/2023 08:15:00 AM,08 BROOKLYN,41,Precinct 77,,BROOKLYN,1005737,183121,UNKNOWN,Unspecified,BROOKLYN,,,,,,,,40.66927550895975,-73.92254385191103,POINT (-73.922543851911 40.66927550896)
47669581,09/23/2020 08:13:00 AM,09/23/2020 08:13:00 AM,DOT,Department of Transportation,Street Light Condition,Street Light Out,Location Type: Intersection,,,,,,,,,INTERSECTION,,,,Closed,,"Service Request status for this request is available on the Department of Transportation's website. Please click the ""Learn More"" link below.",09/23/2020 12:25:00 AM,,,Unspecified,,,,,UNKNOWN,Unspecified,,,,,,,,,,,
59484540,11/18/2023 04:52:00 PM,07/02/2024 06:56:00 PM,DOT,Department of Transportation,Street Light Condition,Street Light Lamp Dim,Location Type: Intersection,,11201,,,,,HICKS STREET,JORALEMON STREET,INTERSECTION,BROOKLYN,,,Closed,,Service Request status for this request is available on the Department of Transportation芒聙聶s website. Please click the 芒聙聹Learn More芒聙聺 link below.,11/27/2023 08:00:00 PM,02 BROOKLYN,33,Precinct 84,,BROOKLYN,985160,191915,UNKNOWN,Unspecified,BROOKLYN,,,,,,,,40.6934390681497,-73.9967184516138,POINT (-73.996718451614 40.69343906815)
59475136,11/17/2023 02:53:00 PM,11/17/2023 06:10:00 PM,DOT,Department of Transportation,Traffic Signal Condition,Post,Turned,,11101,,,,,GREENPOINT AVENUE,HUNTERS POINT AVENUE,INTERSECTION,QUEENS,,N/A,Closed,,Service Request status for this request is available on the Department of Transportation芒聙聶s website. Please click the 芒聙聹Learn More芒聙聺 link below.,11/17/2023 06:10:00 PM,02 QUEENS,26,Precinct 108,,QUEENS,1003664,207989,UNKNOWN,Unspecified,QUEENS,,,,,,,,40.73753709072192,-73.92994488873488,POINT (-73.929944888735 40.737537090722)
59482840,11/18/2023 11:25:04 AM,11/20/2023 12:40:00 PM,DOT,Department of Transportation,Street Condition,Pothole,,,10019,7 AVENUE,7 AVENUE,WEST   48 STREET,WEST   49 STREET,,,BLOCKFACE,MANHATTAN,,N/A,Closed,,The Department of Transportation inspected this complaint and repaired the problem.,11/20/2023 12:40:00 PM,05 MANHATTAN,,Precinct 18,,MANHATTAN,,,UNKNOWN,Unspecified,MANHATTAN,,,,,,,,,,
59484050,11/18/2023 01:47:02 PM,04/08/2024 09:41:34 AM,DOT,Department of Transportation,Street Condition,Failed Street Repair,N/A,Street,11379,58 AVENUE,58 AVENUE,58 AVENUE,76 STREET,58 AVENUE,76 STREET,INTERSECTION,,,,Closed,,"The Department of Transportation inspected the condition you reported. You can find additional information in the ""Notes to Customer"" field.",04/08/2024 09:41:38 AM,05 QUEENS,30,Precinct 104,,QUEENS,1016270,203973,PHONE,Unspecified,QUEENS,,,,,,,,40.7264775105463,-73.88447549174232,POINT (-73.884475491742 40.726477510546)
59475829,11/17/2023 08:25:58 PM,11/29/2023 02:48:49 PM,DOT,Department of Transportation,Street Condition,Cave-in,N/A,Street,11421,89-01 88 STREET,88 STREET,89 AVENUE,91 AVENUE,89 AVENUE,91 AVENUE,ADDRESS,WOODHAVEN,88 STREET,,Closed,,The Department of Transportation inspected and has requested the Department of Environmental Protection address the issue. The condition will be re-inspected in 60 days.,11/29/2023 02:48:55 PM,09 QUEENS,32,Precinct 102,4089700001,QUEENS,1024392,190617,ONLINE,Unspecified,QUEENS,,,,,,,,40.68978537174984,-73.85525191532733,POINT (-73.855251915327 40.68978537175)
47665833,09/23/2020 08:11:00 AM,09/23/2020 08:11:00 AM,DOT,Department of Transportation,Street Light Condition,Lamppost Wire Exposed,Location Type: Intersection,,,,,,,,,INTERSECTION,,,,Closed,,Service Request status for this request is available on the Department of Transportation芒聙聶s website. Please click the 芒聙聹Learn More芒聙聺 link below.,09/22/2020 10:20:00 PM,,,Unspecified,,,,,UNKNOWN,Unspecified,,,,,,,,,,,
59480862,11/17/2023 03:22:37 PM,11/29/2023 10:30:42 AM,DOT,Department of Transportation,Sidewalk Condition,Broken Sidewalk,1-3 Residential Units,Sidewalk,11236,9908 AVENUE L,AVENUE L,EAST   99 STREET,EAST  100 STREET,EAST   99 STREET,EAST  100 STREET,ADDRESS,BROOKLYN,AVENUE L,,Closed,,"The Department of Transportation will inspect the complaint location and notify the property owner within 180 days if a defective sidewalk condition exists. The property owner is responsible for maintaining, repairing and installing sidewalks adjoining their property, according to Section 19-152 of the New York City Administrative Code.",11/29/2023 10:30:46 AM,18 BROOKLYN,46,Precinct 69,3082640038,BROOKLYN,1013831,172419,MOBILE,Unspecified,BROOKLYN,,,,,,,,40.639877535587026,-73.89341363837579,POINT (-73.893413638376 40.639877535587)
59486093,11/18/2023 07:31:46 PM,11/30/2023 11:52:57 AM,DOT,Department of Transportation,Outdoor Dining,Sidewalk Zone Blocked,Pedestrian Path Less Than 8 Feet,Sidewalk,11211,502 LORIMER STREET,LORIMER STREET,POWERS STREET,AINSLIE STREET,POWERS STREET,AINSLIE STREET,ADDRESS,BROOKLYN,LORIMER STREET,,Closed,,The Department of Transportation inspected this location and determined that the establishment must remove all of the items immediately.,11/30/2023 11:53:00 AM,01 BROOKLYN,34,Precinct 90,3027740001,BROOKLYN,998383,198685,ONLINE,Unspecified,BROOKLYN,,,,,,,,40.71200988851113,-73.94902082717007,POINT (-73.94902082717 40.712009888511)
59478332,11/17/2023 01:16:23 PM,11/20/2023 11:05:21 AM,DOT,Department of Transportation,Street Condition,Cave-in,N/A,Street,11223,EAST    8 STREET,EAST    8 STREET,EAST    8 STREET,NECK ROAD,EAST    8 STREET,NECK ROAD,INTERSECTION,,,,Closed,,The Department of Transportation inspected the condition you reported and found that the condition meets its standards and/or there is a valid permit to conduct work.,11/20/2023 11:05:26 AM,15 BROOKLYN,48,Precinct 61,,BROOKLYN,994720,155768,PHONE,Unspecified,BROOKLYN,,,,,,,,40.59421720729951,-73.9623002647078,POINT (-73.962300264708 40.5942172073)
59487264,11/18/2023 12:30:00 PM,11/18/2023 03:15:00 PM,DOT,Department of Transportation,Traffic Signal Condition,Post,Down,,11102,,,,,28 AVENUE,31 STREET,INTERSECTION,QUEENS,,N/A,Closed,,Service Request status for this request is available on the Department of Transportation芒聙聶s website. Please click the 芒聙聹Learn More芒聙聺 link below.,11/18/2023 03:15:00 PM,01 QUEENS,22,Precinct 114,,QUEENS,1006422,219250,UNKNOWN,Unspecified,QUEENS,,,,,,,,40.768439183703705,-73.91995556315187,POINT (-73.919955563152 40.768439183704)
59477100,11/17/2023 10:22:37 AM,11/29/2023 11:33:49 AM,DOT,Department of Transportation,Sidewalk Condition,Sidewalk Violation,Sidewalk Re-inspection Request,Sidewalk,10454,309 CRIMMINS AVENUE,CRIMMINS AVENUE,EAST  141 STREET,ST MARYS STREET,EAST  141 STREET,ST MARYS STREET,ADDRESS,BRONX,CRIMMINS AVENUE,,Closed,,"The Department of Transportation has denied the sidewalk re-inspection request. The request to re-inspect is past the 75 day original notification period. The property owners are responsible for maintaining, repairing and installing sidewalks adjoining their properties.",11/29/2023 11:34:05 AM,01 BRONX,08,Precinct 40,2025560053,BRONX,1007685,233868,PHONE,Unspecified,BRONX,,,,,,,,40.80855839715178,-73.91534493481606,POINT (-73.915344934816 40.808558397152)
59489507,11/19/2023 07:40:00 AM,11/19/2023 08:50:00 AM,DOT,Department of Transportation,Traffic Signal Condition,Cable,Damaged,,10007,,,,,GREENWICH STREET,MURRAY STREET,INTERSECTION,MANHATTAN,,N/A,Closed,,Service Request status for this request is available on the Department of Transportation芒聙聶s website. Please click the 芒聙聹Learn More芒聙聺 link below.,11/19/2023 08:50:00 AM,01 MANHATTAN,01,Precinct 1,,MANHATTAN,981101,199742,UNKNOWN,Unspecified,MANHATTAN,,,,,,,,40.71492182887121,-74.0113592598922,POINT (-74.011359259892 40.714921828871)
59483435,11/18/2023 12:10:00 PM,11/18/2023 02:25:00 PM,DOT,Department of Transportation,Traffic Signal Condition,Controller,Operating Improperly,,11420,,,,,NORTH CONDUIT AVENUE,LEFFERTS BOULEVARD,INTERSECTION,QUEENS,,N/A,Closed,,Service Request status for this request is available on the Department of Transportation芒聙聶s website. Please click the 芒聙聹Learn More芒聙聺 link below.,11/18/2023 02:25:00 PM,10 QUEENS,32,Precinct 106,,QUEENS,1033564,182012,UNKNOWN,Unspecified,QUEENS,,,,,,,,40.66612028874303,-73.82224163785928,POINT (-73.822241637859 40.666120288743)
59484533,11/18/2023 07:29:00 AM,11/18/2023 08:30:00 AM,DOT,Department of Transportation,Traffic Signal Condition,Controller,Allout,,10027,,,,,AMSTERDAM AVENUE,WEST 125 STREET,INTERSECTION,MANHATTAN,,N/A,Closed,,Service Request status for this request is available on the Department of Transportation芒聙聶s website. Please click the 芒聙聹Learn More芒聙聺 link below.,11/18/2023 08:30:00 AM,09 MANHATTAN,07,Precinct 26,,MANHATTAN,996358,235620,UNKNOWN,Unspecified,MANHATTAN,,,,,,,,40.813389933961254,-73.95625868043503,POINT (-73.956258680435 40.813389933961)
59490437,11/19/2023 10:21:00 AM,11/19/2023 11:50:00 AM,DOT,Department of Transportation,Traffic Signal Condition,Controller,Operating Improperly,,11210,,,,,AVENUE K,EAST 23 STREET,INTERSECTION,BROOKLYN,,N/A,Closed,,Service Request status for this request is available on the Department of Transportation芒聙聶s website. Please click the 芒聙聹Learn More芒聙聺 link below.,11/19/2023 11:50:00 AM,14 BROOKLYN,45,Precinct 70,,BROOKLYN,997283,166495,UNKNOWN,Unspecified,BROOKLYN,,,,,,,,40.62365721983969,-73.95305087099425,POINT (-73.953050870994 40.62365721984)
59485501,11/17/2023 11:21:11 PM,11/18/2023 07:30:00 PM,DOT,Department of Transportation,Street Condition,Pothole,,,11207,SHEFFIELD AVENUE,SHEFFIELD AVENUE,LINDEN BOULEVARD,STANLEY AVENUE,,,BLOCKFACE,BROOKLYN,,N/A,Closed,,The Department of Transportation inspected this complaint and repaired the problem.,11/18/2023 07:30:00 PM,05 BROOKLYN,,Precinct 75,,BROOKLYN,,,UNKNOWN,Unspecified,BROOKLYN,,,,,,,,,,
59480744,11/17/2023 11:08:26 AM,12/01/2023 12:54:37 PM,DOT,Department of Transportation,Curb Condition,Broken Curb,1-3 Residential Units,Sidewalk,11217,181 WYCKOFF STREET,WYCKOFF STREET,HOYT STREET,BOND STREET,HOYT STREET,BOND STREET,ADDRESS,BROOKLYN,WYCKOFF STREET,,Closed,,"The Department of Transportation inspected the condition you reported. You can find additional information in the ""Notes to Customer"" field.",12/01/2023 12:54:43 PM,02 BROOKLYN,39,Precinct 84,3003860050,BROOKLYN,987820,188702,ONLINE,Unspecified,BROOKLYN,,,,,,,,40.6846194485293,-73.9871279359147,POINT (-73.987127935915 40.684619448529)
59486086,11/18/2023 12:34:29 PM,11/20/2023 08:50:58 AM,DOT,Department of Transportation,Street Sign - Damaged,Other/Unknown,N/A,Street,10011,100 WEST   21 STREET,WEST   21 STREET,AVENUE OF THE AMERICAS,7 AVENUE,AVENUE OF THE AMERICAS,7 AVENUE,ADDRESS,NEW YORK,WEST   21 STREET,,Closed,,The Department of Transportation inspected the condition you reported and determined that this issue is not within its jurisdiction.,11/20/2023 08:51:01 AM,04 MANHATTAN,03,Precinct 13,1007967504,MANHATTAN,985866,209532,MOBILE,Unspecified,MANHATTAN,,,,,,,,40.741793402706385,-73.99416831770507,POINT (-73.994168317705 40.741793402706)
59487492,11/18/2023 12:23:00 PM,09/17/2025 03:16:00 PM,DOT,Department of Transportation,Street Light Condition,Street Light Out,Location Type: Intersection,,11374,,,,,ALDERTON STREET,68 ROAD,INTERSECTION,QUEENS,,,Closed,,Service Request status for this request is available on the Department of Transportation芒聙聶s website. Please click the 芒聙聹Learn More芒聙聺 link below.,11/21/2023 11:51:00 AM,06 QUEENS,30,Precinct 112,,QUEENS,1023460,199901,UNKNOWN,Unspecified,QUEENS,,,,,,,,40.71527191867374,-73.85855855442982,POINT (-73.85855855443 40.715271918674)
59484061,11/18/2023 10:55:51 PM,11/20/2023 06:57:04 AM,DOT,Department of Transportation,Street Condition,Plate Condition - Noisy,N/A,Street,10021,1300 3 AVENUE,3 AVENUE,EAST   74 STREET,EAST   75 STREET,EAST   74 STREET,EAST   75 STREET,ADDRESS,NEW YORK,3 AVENUE,,Closed,,This request required re-assignment to a new DOT unit.,11/20/2023 06:57:12 AM,08 MANHATTAN,04,Precinct 19,1014090040,MANHATTAN,995501,220336,ONLINE,Unspecified,MANHATTAN,,,,,,,,40.77144061565626,-73.959380278973,POINT (-73.959380278973 40.771440615656)
59490863,11/20/2023 12:12:40 AM,11/21/2023 11:15:00 AM,DOT,Department of Transportation,Street Condition,Pothole,,,11423,188 STREET,188 STREET,80 DRIVE,TROON ROAD,,,BLOCKFACE,QUEENS,,N/A,Closed,,The Department of Transportation inspected this complaint and repaired the problem.,11/21/2023 11:15:00 AM,08 QUEENS,,Precinct 107,,QUEENS,,,UNKNOWN,Unspecified,QUEENS,,,,,,,,,,
59485520,11/18/2023 12:58:00 PM,11/28/2023 01:02:00 PM,DOT,Department of Transportation,Street Light Condition,Street Light Out,Location Type: Intersection,,11364,226 STREET,226 STREET,69 AVENUE,73 AVENUE,226 STREET,73 AVENUE,INTERSECTION,QUEENS,,,Closed,,Service Request status for this request is available on the Department of Transportation芒聙聶s website. Please click the 芒聙聹Learn More芒聙聺 link below.,11/28/2023 01:02:00 PM,11 QUEENS,23,Precinct 111,,QUEENS,1053836,210176,UNKNOWN,Unspecified,QUEENS,,,,,,,,40.743287397503686,-73.74887803244191,POINT (-73.748878032442 40.743287397504)
59485117,11/18/2023 11:06:36 AM,11/20/2023 11:45:25 AM,DOT,Department of Transportation,Street Sign - Damaged,Speed Limit,N/A,Street,11694,135-11 CRONSTON AVENUE,CRONSTON AVENUE,BEACH  135 STREET,BEACH  136 STREET,BEACH  135 STREET,BEACH  136 STREET,ADDRESS,FAR ROCKAWAY,CRONSTON AVENUE,,Closed,,The Department of Transportation has determined that this issue is not within its jurisdiction. It has been referred to the Department of Parks and Recreation.,11/20/2023 11:45:31 AM,14 QUEENS,32,Precinct 100,4162580005,QUEENS,1024449,149880,MOBILE,Unspecified,QUEENS,,,,,,,,40.577970863324225,-73.85528904788407,POINT (-73.855289047884 40.577970863324)
59487063,11/18/2023 09:09:24 AM,11/24/2023 02:56:23 PM,DOT,Department of Transportation,Sidewalk Condition,Blocked - Construction,N/A,Sidewalk,11238,828 DEAN STREET,DEAN STREET,WASHINGTON AVENUE,GRAND AVENUE,WASHINGTON AVENUE,GRAND AVENUE,ADDRESS,BROOKLYN,DEAN STREET,,Closed,,The Department of Transportation inspected the condition you reported and found that the condition meets its standards and/or there is a valid permit to conduct work.,11/24/2023 02:56:26 PM,08 BROOKLYN,35,Precinct 77,3011407502,BROOKLYN,994600,186685,PHONE,Unspecified,BROOKLYN,,,,,,,,40.67907791141258,-73.96268493099008,POINT (-73.96268493099 40.679077911413)
59477653,11/17/2023 02:55:00 PM,09/27/2024 12:40:00 PM,DOT,Department of Transportation,Street Light Condition,Street Light Lamp Missing,Location Type: Highway,,11385,JACKIE ROBINSON PKWY,JACKIE ROBINSON PKWY,FOREST PARK DR,79 LA,FOREST PARK DRIVE,JACKIE ROBINSON PARKWAY,INTERSECTION,QUEENS,,,Closed,,Service Request status for this request is available on the Department of Transportation芒聙聶s website. Please click the 芒聙聹Learn More芒聙聺 link below.,12/14/2023 11:37:00 AM,05 QUEENS,30,Precinct 102,,QUEENS,1022400,195336,UNKNOWN,Unspecified,QUEENS,,,,,,,,40.702746724830604,-73.8624081303712,POINT (-73.862408130371 40.702746724831)
59485518,11/18/2023 08:00:00 PM,11/28/2023 01:24:00 PM,DOT,Department of Transportation,Street Light Condition,Street Light Out,Location Type: Intersection,,10471,,,,,NETHERLAND AVENUE,WEST 252 STREET,INTERSECTION,BRONX,,,Closed,,Service Request status for this request is available on the Department of Transportation芒聙聶s website. Please click the 芒聙聹Learn More芒聙聺 link below.,11/28/2023 01:24:00 PM,08 BRONX,11,Precinct 50,,BRONX,1009722,266987,UNKNOWN,Unspecified,BRONX,,,,,,,,40.899454491781384,-73.90786077395475,POINT (-73.907860773955 40.899454491781)
59475838,11/17/2023 02:09:23 PM,11/20/2023 08:08:43 AM,DOT,Department of Transportation,Street Sign - Damaged,School Crossing,N/A,Street,10014,13 SHERIDAN SQUARE,SHERIDAN SQUARE,BARROW STREET,GROVE STREET,BARROW STREET,GROVE STREET,ADDRESS,NEW YORK,SHERIDAN SQUARE,,Closed,,The Department of Transportation has completed the request or corrected the condition.,11/20/2023 08:08:47 AM,02 MANHATTAN,03,Precinct 6,1005920082,MANHATTAN,983682,206363,MOBILE,Unspecified,MANHATTAN,,,,,,,,40.73309541126296,-74.00204948215568,POINT (-74.002049482156 40.733095411263)
59488523,11/18/2023 09:46:00 PM,11/27/2023 01:04:00 PM,DOT,Department of Transportation,Street Light Condition,Street Light Out,Location Type: Intersection,,11691,CORNAGA AVENUE,CORNAGA AVENUE,MADOR COURT,MOBILE ROAD,CORNAGA AVENUE,MOBILE ROAD,INTERSECTION,QUEENS,,,Closed,,Service Request status for this request is available on the Department of Transportation芒聙聶s website. Please click the 芒聙聹Learn More芒聙聺 link below.,11/27/2023 01:04:00 PM,14 QUEENS,31,Precinct 101,,QUEENS,1055102,159271,UNKNOWN,Unspecified,QUEENS,,,,,,,,40.60355518226952,-73.74484441931705,POINT (-73.744844419317 40.60355518227)
59488065,11/18/2023 03:49:34 AM,12/01/2023 11:48:13 AM,DOT,Department of Transportation,Sidewalk Condition,Broken Sidewalk,1-3 Residential Units,Sidewalk,11106,35-24 31 STREET,31 STREET,35 AVENUE,36 AVENUE,35 AVENUE,36 AVENUE,ADDRESS,ASTORIA,31 STREET,,Closed,,"The Department of Transportation will inspect the complaint location and notify the property owner within 180 days if a defective sidewalk condition exists. The property owner is responsible for maintaining, repairing and installing sidewalks adjoining their property, according to Section 19-152 of the New York City Administrative Code.",12/01/2023 11:48:19 AM,01 QUEENS,22,Precinct 114,4006030034,QUEENS,1003944,215311,MOBILE,Unspecified,QUEENS,,,,,,,,40.75763351440322,-73.92891307218075,POINT (-73.928913072181 40.757633514403)
59479614,11/17/2023 01:49:56 PM,11/30/2023 05:17:44 PM,DOT,Department of Transportation,Sidewalk Condition,Broken Sidewalk,4 + Residential Units/Commercial,Sidewalk,11203,842 LEFFERTS AVENUE,LEFFERTS AVENUE,SCHENECTADY AVENUE,EMPIRE BOULEVARD,SCHENECTADY AVENUE,EMPIRE BOULEVARD,ADDRESS,BROOKLYN,LEFFERTS AVENUE,,Closed,,The Department of Transportation has completed the request or corrected the condition.,11/30/2023 05:17:46 PM,09 BROOKLYN,41,Precinct 71,3014300022,BROOKLYN,1002673,180983,MOBILE,Unspecified,BROOKLYN,,,,,,,,40.66341408208166,-73.93359477001567,POINT (-73.933594770016 40.663414082082)
59490982,11/19/2023 05:05:47 PM,11/29/2023 03:28:02 PM,DOT,Department of Transportation,Outdoor Dining,Sidewalk Zone Blocked,Pedestrian Path Less Than 8 Feet,Sidewalk,11211,500 GRAND STREET,GRAND STREET,BORINQUEN PLACE,UNION AVENUE,BORINQUEN PLACE,UNION AVENUE,ADDRESS,BROOKLYN,GRAND STREET,,Closed,,"The Department of Transportation's inspectors could not find the condition you reported. If you would like to pursue the complaint, please check the address and submit a new Service Request.",11/29/2023 03:28:11 PM,01 BROOKLYN,34,Precinct 90,3024000008,BROOKLYN,997780,198295,ONLINE,Unspecified,BROOKLYN,,,,,,,,40.71094037407576,-73.951196692985,POINT (-73.951196692985 40.710940374076)
59480186,11/17/2023 08:39:00 AM,11/17/2023 11:20:00 AM,DOT,Department of Transportation,Traffic Signal Condition,Controller,Operating Improperly,,11230,,,,,NEWKIRK AVENUE,OCEAN PARKWAY,INTERSECTION,BROOKLYN,,N/A,Closed,,Service Request status for this request is available on the Department of Transportation芒聙聶s website. Please click the 芒聙聹Learn More芒聙聺 link below.,11/17/2023 11:20:00 AM,14 BROOKLYN,40,Precinct 70,,BROOKLYN,992063,169348,UNKNOWN,Unspecified,BROOKLYN,,,,,,,,40.63149424565688,-73.97185171416632,POINT (-73.971851714166 40.631494245657)
59489067,11/18/2023 01:44:58 PM,11/24/2023 03:29:49 PM,DOT,Department of Transportation,Street Sign - Dangling,One Way,N/A,Street,11373,54 AVENUE,54 AVENUE,54 AVENUE,82 STREET,54 AVENUE,82 STREET,INTERSECTION,,,,Closed,,The Department of Transportation has completed the request or corrected the condition.,11/24/2023 03:29:56 PM,04 QUEENS,30,Precinct 110,,QUEENS,1016658,205687,PHONE,Unspecified,QUEENS,,,,,,,,40.73118060484641,-73.88306737880472,POINT (-73.883067378805 40.731180604846)
59489059,11/18/2023 05:29:49 PM,11/20/2023 04:59:51 AM,DOT,Department of Transportation,Sidewalk Condition,Sidewalk Collapsed,N/A,Sidewalk,10458,2820 DECATUR AVENUE,DECATUR AVENUE,EAST  198 STREET,OLIVER PLACE,EAST  198 STREET,OLIVER PLACE,ADDRESS,BRONX,DECATUR AVENUE,,Closed,,The Department of Transportation has determined that this issue is not within its jurisdiction. It has been referred to the Department of Parks and Recreation.,11/20/2023 04:59:59 AM,07 BRONX,15,Precinct 52,2032790006,BRONX,1015802,255155,PHONE,Unspecified,BRONX,,,,,,,,40.8669597256811,-73.88592350230455,POINT (-73.885923502305 40.866959725681)
59484273,11/18/2023 04:13:00 PM,11/19/2023 12:45:00 AM,DOT,Department of Transportation,Traffic Signal Condition,Ped Multiple Lamps,Operating Improperly,,11217,,,,,6 AVENUE,BERKELEY PLACE,INTERSECTION,BROOKLYN,,N/A,Closed,,Service Request status for this request is available on the Department of Transportation芒聙聶s website. Please click the 芒聙聹Learn More芒聙聺 link below.,11/19/2023 12:45:00 AM,06 BROOKLYN,39,Precinct 78,,BROOKLYN,990482,185589,UNKNOWN,Unspecified,BROOKLYN,,,,,,,,40.676073496224376,-73.97753265415439,POINT (-73.977532654154 40.676073496224)
59482986,11/18/2023 10:26:03 AM,12/06/2023 11:15:34 AM,DOT,Department of Transportation,Outdoor Dining,Unauthorized Restaurant,N/A,Street,10065,210 EAST   67 STREET,EAST   67 STREET,3 AVENUE,2 AVENUE,3 AVENUE,2 AVENUE,ADDRESS,NEW YORK,EAST   67 STREET,,Closed,,"The Department of Transportation's inspectors could not find the condition you reported. If you would like to pursue the complaint, please check the address and submit a new Service Request.",12/06/2023 11:15:37 AM,08 MANHATTAN,05,Precinct 19,1014210042,MANHATTAN,994655,218478,ONLINE,Unspecified,MANHATTAN,,,,,,,,40.76634192531301,-73.96243748655138,POINT (-73.962437486551 40.766341925313)
59536413,11/24/2023 03:05:00 AM,11/24/2023 03:45:00 AM,DOT,Department of Transportation,Traffic Signal Condition,LED Pedestrian Unit,Out,,10466,,,,,PAULDING AVENUE,EAST 224 STREET,INTERSECTION,BRONX,,N/A,Closed,,Service Request status for this request is available on the Department of Transportation芒聙聶s website. Please click the 芒聙聹Learn More芒聙聺 link below.,11/24/2023 03:45:00 AM,12 BRONX,12,Precinct 47,,BRONX,1025071,261523,UNKNOWN,Unspecified,BRONX,,,,,,,,40.884399899656366,-73.85237261654099,POINT (-73.852372616541 40.884399899656)
59486967,11/18/2023 07:45:58 PM,12/13/2023 09:56:35 AM,DOT,Department of Transportation,Broken Parking Meter,Out of Order,N/A,Street,10019,BROADWAY,BROADWAY,WEST   58 STREET,COLUMBUS CIRCLE,WEST   58 STREET,COLUMBUS CIRCLE,BLOCKFACE,,,,Closed,,The Department of Transportation inspected the condition you reported and found that the condition meets its standards and/or there is a valid permit to conduct work.,12/13/2023 09:56:38 AM,Unspecified MANHATTAN,,Precinct 18,,MANHATTAN,989292,218816,PHONE,Unspecified,MANHATTAN,,,,,,,,40.767274333118856,-73.98179790102274,POINT (-73.981797901023 40.767274333119)
59477549,11/17/2023 01:43:55 AM,11/17/2023 01:05:27 PM,DOT,Department of Transportation,Street Condition,Failed Street Repair,N/A,Street,11414,164 AVENUE,164 AVENUE,88 STREET,89 STREET,88 STREET,89 STREET,BLOCKFACE,,,,Closed,,The Department of Transportation inspected and has requested the Department of Environmental Protection address the issue. The condition will be re-inspected in 60 days.,11/17/2023 01:05:32 PM,Unspecified QUEENS,,Precinct 106,,QUEENS,,,PHONE,Unspecified,QUEENS,,,,,,,,,,
59489065,11/18/2023 06:35:32 PM,11/22/2023 12:49:13 AM,DOT,Department of Transportation,Street Condition,Defective Hardware,N/A,Street,10003,46 EAST   18 STREET,EAST   18 STREET,BROADWAY,PARK AVENUE SOUTH,BROADWAY,PARK AVENUE SOUTH,ADDRESS,NEW YORK,EAST   18 STREET,,Closed,,This request required re-assignment to a new DOT unit.,11/22/2023 12:49:31 AM,05 MANHATTAN,02,Precinct 13,1008460030,MANHATTAN,987119,207999,ONLINE,Unspecified,MANHATTAN,,,,,,,,40.737585380663695,-73.98964725255338,POINT (-73.989647252553 40.737585380664)
59482839,11/18/2023 08:42:12 PM,11/20/2023 09:45:00 AM,DOT,Department of Transportation,Street Condition,Pothole,,,10021,,,,,EAST 73 STREET,YORK AVENUE,INTERSECTION,MANHATTAN,,N/A,Closed,,The Department of Transportation inspected this complaint and repaired the problem.,11/20/2023 09:45:00 AM,08 MANHATTAN,05,Precinct 19,,MANHATTAN,997200,218914,UNKNOWN,Unspecified,MANHATTAN,,,,,,,,40.767535270453116,-73.95324908473019,POINT (-73.95324908473 40.767535270453)
59488508,11/18/2023 05:13:00 PM,11/19/2023 05:15:00 AM,DOT,Department of Transportation,Traffic Signal Condition,Veh Signal Lamp,Out,,11238,,,,,FULTON STREET,WASHINGTON AVENUE,INTERSECTION,BROOKLYN,,N/A,Closed,,Service Request status for this request is available on the Department of Transportation芒聙聶s website. Please click the 芒聙聹Learn More芒聙聺 link below.,11/19/2023 05:15:00 AM,02 BROOKLYN,35,Precinct 88,,BROOKLYN,994019,188128,UNKNOWN,Unspecified,BROOKLYN,,,,,,,,40.683039278568636,-73.96477753017727,POINT (-73.964777530177 40.683039278569)
59480188,11/17/2023 11:50:00 AM,11/17/2023 01:40:00 PM,DOT,Department of Transportation,Traffic Signal Condition,Controller Cabinet,Operating Improperly,,11368,,,,,111 STREET,46 AVENUE,INTERSECTION,QUEENS,,N/A,Closed,,Service Request status for this request is available on the Department of Transportation芒聙聶s website. Please click the 芒聙聹Learn More芒聙聺 link below.,11/17/2023 01:40:00 PM,04 QUEENS,21,Precinct 110,,QUEENS,1024689,211885,UNKNOWN,Unspecified,QUEENS,,,,,,,,40.7481594812455,-73.85405319012062,POINT (-73.854053190121 40.748159481246)
59478342,11/17/2023 05:36:40 PM,12/21/2023 05:17:33 PM,DOT,Department of Transportation,Street Sign - Damaged,St Name - Attached to Pole,N/A,Street,11377,65-02 LAUREL HILL BOULEVARD,LAUREL HILL BOULEVARD,65 STREET,BROOKLYN QUEENS EXPWY EB ET   39,65 STREET,BROOKLYN QUEENS EXPWY EB ET   39,ADDRESS,WOODSIDE,LAUREL HILL BOULEVARD,,Closed,,"The Department of Transportation inspected the condition you reported. You can find additional information in the ""Notes to Customer"" field.",12/21/2023 05:17:37 PM,02 QUEENS,26,Precinct 108,4023900008,QUEENS,1011767,208574,MOBILE,Unspecified,QUEENS,,,,,,,,40.739121270993564,-73.90070297012642,POINT (-73.900702970126 40.739121270994)
59484538,11/18/2023 10:37:00 AM,11/18/2023 12:35:00 PM,DOT,Department of Transportation,Traffic Signal Condition,Controller,Operating Improperly,,10463,,,,,BROADWAY,WEST 242 STREET,INTERSECTION,BRONX,,N/A,Closed,,Service Request status for this request is available on the Department of Transportation芒聙聶s website. Please click the 芒聙聹Learn More芒聙聺 link below.,11/18/2023 12:35:00 PM,08 BRONX,11,Precinct 50,,BRONX,1012377,263348,UNKNOWN,Unspecified,BRONX,,,,,,,,40.889458535996,-73.89827220400643,POINT (-73.898272204006 40.889458535996)
59479621,11/17/2023 02:36:13 PM,11/20/2023 03:02:50 PM,DOT,Department of Transportation,Street Condition,Blocked - Construction,N/A,Street,10461,1824 PILGRIM AVENUE,PILGRIM AVENUE,BUHRE AVENUE,ST THERESA AVENUE,BUHRE AVENUE,ST THERESA AVENUE,ADDRESS,BRONX,PILGRIM AVENUE,,Closed,,"The Department of Transportation inspected the condition and issued a Corrective Action Repair (CAR) to the contractor or utility company. The responsible party has a maximum of 30 days to correct the condition. If the condition still exists, a summons will be issued. In some cases, the Department of Transportation will make the repairs and charge the responsible party for the costs.",11/20/2023 03:02:53 PM,10 BRONX,13,Precinct 45,2041930006,BRONX,1030382,248258,UNKNOWN,Unspecified,BRONX,,,,,,,,40.847965405131156,-73.83325697426207,POINT (-73.833256974262 40.847965405131)
59482415,11/18/2023 09:06:00 AM,11/18/2023 10:40:00 AM,DOT,Department of Transportation,Traffic Signal Condition,Pedestrian Signal,Hanging,,11208,,,,,PITKIN AVENUE,PINE STREET,INTERSECTION,BROOKLYN,,N/A,Closed,,Service Request status for this request is available on the Department of Transportation芒聙聶s website. Please click the 芒聙聹Learn More芒聙聺 link below.,11/18/2023 10:40:00 AM,05 BROOKLYN,42,Precinct 75,,BROOKLYN,1020034,185419,UNKNOWN,Unspecified,BROOKLYN,,,,,,,,40.67553675373104,-73.87099401233073,POINT (-73.870994012331 40.675536753731)
59480176,11/17/2023 08:01:00 AM,11/17/2023 09:15:00 AM,DOT,Department of Transportation,Traffic Signal Condition,Cable,Operating Improperly,,10456,,,,,3 AVENUE,EAST 165 STREET,INTERSECTION,BRONX,,N/A,Closed,,Service Request status for this request is available on the Department of Transportation芒聙聶s website. Please click the 芒聙聹Learn More芒聙聺 link below.,11/17/2023 09:15:00 AM,03 BRONX,16,Precinct 42,,BRONX,1009784,240404,UNKNOWN,Unspecified,BRONX,,,,,,,,40.82649205472125,-73.90773778195063,POINT (-73.907737781951 40.826492054721)
59490431,11/19/2023 06:03:00 PM,01/08/2024 03:53:00 PM,DOT,Department of Transportation,Street Light Condition,Street Light Out,Location Type: Intersection,,11206,88 UNION AVENUE,UNION AVENUE,LORIMER ST,WALTON ST,UNION AVENUE,LORIMER STREET,INTERSECTION,BROOKLYN,,,Closed,,Service Request status for this request is available on the Department of Transportation芒聙聶s website. Please click the 芒聙聹Learn More芒聙聺 link below.,11/27/2023 10:45:00 PM,01 BROOKLYN,33,Precinct 90,3022457503,BROOKLYN,998044,195245,UNKNOWN,Unspecified,BROOKLYN,,,,,,,,40.70256843779678,-73.95025068163928,POINT (-73.950250681639 40.702568437797)
59488069,11/18/2023 03:45:03 PM,11/22/2023 08:08:42 AM,DOT,Department of Transportation,Street Condition,Failed Street Repair,N/A,Street,10029,2056 2 AVENUE,2 AVENUE,EAST  105 STREET,EAST  106 STREET,EAST  105 STREET,EAST  106 STREET,ADDRESS,NEW YORK,2 AVENUE,,Closed,,The Department of Transportation inspected the condition you reported and determined that it requires general maintenance. The details have been processed into another system and it is expected to be repaired in a future project.,11/22/2023 08:08:46 AM,11 MANHATTAN,08,Precinct 23,1016770052,MANHATTAN,1000146,227243,PHONE,Unspecified,MANHATTAN,,,,,,,,40.7903913645133,-73.94259400036769,POINT (-73.942594000368 40.790391364513)
59485507,11/18/2023 12:02:00 PM,11/19/2023 05:50:00 PM,DOT,Department of Transportation,Street Light Condition,Street Light Out,Location Type: Residential Address,,10011,140 WEST   18 STREET,WEST   18 STREET,7 AVE,AVE OF THE AMERICAS,,,ADDRESS,NEW YORK,,,Closed,,Service Request status for this request is available on the Department of Transportation芒聙聶s website. Please click the 芒聙聹Learn More芒聙聺 link below.,11/19/2023 05:50:00 PM,04 MANHATTAN,03,Precinct 13,1007930061,MANHATTAN,985286,209015,UNKNOWN,Unspecified,MANHATTAN,,,,,,,,40.74037445332246,-73.99626145161697,POINT (-73.996261451617 40.740374453322)
59480164,11/17/2023 08:43:00 AM,11/17/2023 04:50:00 PM,DOT,Department of Transportation,Traffic Signal Condition,Ped Lamp,Out,,10002,,,,,COLUMBIA STREET,EAST HOUSTON STREET,INTERSECTION,MANHATTAN,,N/A,Closed,,Service Request status for this request is available on the Department of Transportation芒聙聶s website. Please click the 芒聙聹Learn More芒聙聺 link below.,11/17/2023 04:50:00 PM,03 MANHATTAN,02,Precinct 7,,MANHATTAN,990140,201569,UNKNOWN,Unspecified,MANHATTAN,,,,,,,,40.71993510515809,-73.97875164371303,POINT (-73.978751643713 40.719935105158)
59482421,11/18/2023 04:59:00 PM,11/27/2023 08:55:00 AM,DOT,Department of Transportation,Street Light Condition,Lamppost Leaning,Location Type: Intersection,,11203,,,,,BEVERLEY ROAD,SCHENECTADY AVENUE,INTERSECTION,BROOKLYN,,,Closed,,Service Request status for this request is available on the Department of Transportation芒聙聶s website. Please click the 芒聙聹Learn More芒聙聺 link below.,11/27/2023 08:55:00 AM,17 BROOKLYN,45,Precinct 67,,BROOKLYN,1002925,174691,UNKNOWN,Unspecified,BROOKLYN,,,,,,,,40.646143394739546,-73.93270386614329,POINT (-73.932703866143 40.64614339474)
50107256,03/24/2021 09:47:00 PM,07/31/2022 12:00:00 AM,DOT,Department of Transportation,Traffic Signal Condition,Controller,Operating Improperly,,10018,,,,,11 AVENUE,WEST 36 STREET,INTERSECTION,MANHATTAN,,N/A,Closed,,Service Request status for this request is available on the Department of Transportation芒聙聶s website. Please click the 芒聙聹Learn More芒聙聺 link below.,03/25/2021 12:20:00 AM,04 MANHATTAN,03,Precinct 10,,MANHATTAN,983958,215096,UNKNOWN,Unspecified,MANHATTAN,,,,,,,,40.757065322824154,-74.00105398616749,POINT (-74.001053986167 40.757065322824)
59486006,11/18/2023 06:42:08 AM,11/27/2023 05:01:50 PM,DOT,Department of Transportation,Curb Condition,Defacement,Other,Curb,11106,14-31 31 AVENUE,31 AVENUE,14 STREET,21 STREET,14 STREET,21 STREET,ADDRESS,ASTORIA,31 AVENUE,,Closed,,The Department of Transportation inspected the condition you reported and issued a notice to the responsible party to correct the condition.,11/27/2023 05:01:54 PM,01 QUEENS,22,Precinct 114,4005347502,QUEENS,1003371,219020,ONLINE,Unspecified,QUEENS,,,,,,,,40.767815019278274,-73.93097080649684,POINT (-73.930970806497 40.767815019278)
59485118,11/18/2023 10:17:58 AM,12/04/2023 01:05:51 PM,DOT,Department of Transportation,Street Sign - Dangling,Other/Unknown,,Street,10308,228 TENNYSON DRIVE,TENNYSON DRIVE,GOODALL STREET,GLOVER STREET,GOODALL STREET,GLOVER STREET,ADDRESS,STATEN ISLAND,TENNYSON DRIVE,,Closed,,The Department of Transportation has completed the request or corrected the condition.,12/04/2023 01:05:59 PM,03 STATEN ISLAND,51,Precinct 122,5053070083,STATEN ISLAND,943918,135103,PHONE,Unspecified,STATEN ISLAND,,,,,,,,40.53741028787261,-74.14510161739257,POINT (-74.145101617393 40.537410287873)
59489910,11/19/2023 04:44:14 PM,11/20/2023 11:15:00 AM,DOT,Department of Transportation,Street Condition,Pothole,,,11230,,,,,AVENUE M,OCEAN PARKWAY,INTERSECTION,BROOKLYN,,N/A,Closed,,The Department of Transportation inspected this complaint and repaired the problem.,11/20/2023 11:15:00 AM,12 BROOKLYN,44,Precinct 66,,BROOKLYN,992826,164069,UNKNOWN,Unspecified,BROOKLYN,,,,,,,,40.6170037911252,-73.96910952299787,POINT (-73.969109522998 40.617003791125)
59482843,11/18/2023 05:08:17 PM,11/20/2023 01:10:00 PM,DOT,Department of Transportation,Street Condition,Pothole,,,11214,CROPSEY AVENUE,CROPSEY AVENUE,20 AVENUE,BAY   25 STREET,,,BLOCKFACE,BROOKLYN,,N/A,Closed,,The Department of Transportation inspected this complaint and repaired the problem.,11/20/2023 01:10:00 PM,11 BROOKLYN,,Precinct 62,,BROOKLYN,,,UNKNOWN,Unspecified,BROOKLYN,,,,,,,,,,
59485110,11/18/2023 12:43:47 PM,11/29/2023 10:38:34 AM,DOT,Department of Transportation,Sidewalk Condition,Broken Sidewalk,1-3 Residential Units,Sidewalk,11216,707 ST JOHNS PLACE,ST JOHNS PLACE,ST CHARLES PLACE,BEDFORD AVENUE,ST CHARLES PLACE,BEDFORD AVENUE,ADDRESS,BROOKLYN,ST JOHNS PLACE,,Closed,,"The Department of Transportation will inspect the complaint location and notify the property owner within 180 days if a defective sidewalk condition exists. The property owner is responsible for maintaining, repairing and installing sidewalks adjoining their property, according to Section 19-152 of the New York City Administrative Code.",11/29/2023 10:38:39 AM,08 BROOKLYN,35,Precinct 77,3012450051,BROOKLYN,996755,184083,MOBILE,Unspecified,BROOKLYN,,,,,,,,40.671933226573806,-73.9549202939018,POINT (-73.954920293902 40.671933226574)
59485510,11/18/2023 03:24:00 PM,11/18/2023 05:00:00 PM,DOT,Department of Transportation,Traffic Signal Condition,Controller,Operating Improperly,,11205,,,,,CLINTON AVENUE,PARK AVENUE,INTERSECTION,BROOKLYN,,N/A,Closed,,Service Request status for this request is available on the Department of Transportation芒聙聶s website. Please click the 芒聙聹Learn More芒聙聺 link below.,11/18/2023 05:00:00 PM,02 BROOKLYN,35,Precinct 88,,BROOKLYN,992737,192879,UNKNOWN,Unspecified,BROOKLYN,,,,,,,,40.69608100187437,-73.9693938403095,POINT (-73.969393840309 40.696081001874)
59483972,11/18/2023 10:53:11 AM,11/29/2023 12:50:06 PM,DOT,Department of Transportation,Curb Condition,Defacement,Graffiti,Curb,11214,8663 24 AVENUE,24 AVENUE,86 STREET,BENSON AVENUE,86 STREET,BENSON AVENUE,ADDRESS,BROOKLYN,24 AVENUE,,Closed,,The Department of Transportation inspected the condition you reported and found that the condition meets DOT standards and/or there is a valid permit to conduct work.,11/29/2023 12:50:10 PM,11 BROOKLYN,43,Precinct 62,3068640016,BROOKLYN,986864,157178,ONLINE,Unspecified,BROOKLYN,,,,,,,,40.59809317163283,-73.99058712265754,POINT (-73.990587122658 40.598093171633)
59485162,11/18/2023 01:56:30 PM,11/27/2023 12:27:42 PM,DOT,Department of Transportation,Outdoor Dining,Site Setup Condition,Wires Causing Trip Hazard,Sidewalk,10021,1291 3 AVENUE,3 AVENUE,EAST   74 STREET,EAST   75 STREET,EAST   74 STREET,EAST   75 STREET,ADDRESS,NEW YORK,3 AVENUE,,Closed,,The Department of Transportation inspected this location and determined that the establishment has 24 hours to come into compliance.,11/27/2023 12:27:46 PM,08 MANHATTAN,05,Precinct 19,1014290001,MANHATTAN,995459,220248,ONLINE,Unspecified,MANHATTAN,,,,,,,,40.771199131998024,-73.95953205920537,POINT (-73.959532059205 40.771199131998)
59487126,11/18/2023 08:26:10 AM,11/21/2023 12:28:11 PM,DOT,Department of Transportation,Outdoor Dining,Site Setup Condition,Abandoned,Street,11102,30-07 NEWTOWN AVENUE,NEWTOWN AVENUE,30 STREET,31 STREET,30 STREET,31 STREET,ADDRESS,ASTORIA,NEWTOWN AVENUE,,Closed,,"The Department of Transportation determined that the establishment is operating without authorization, and it was notified to register in the Open Restaurant Program.",11/21/2023 12:28:15 PM,01 QUEENS,22,Precinct 114,4005987501,QUEENS,1006094,219178,ONLINE,Unspecified,QUEENS,,,,,,,,40.76824237904741,-73.92113992853868,POINT (-73.921139928539 40.768242379047)
59477391,11/17/2023 07:08:29 AM,11/17/2023 01:07:50 PM,DOT,Department of Transportation,Street Condition,Blocked - Construction,N/A,Street,11363,308 BEVERLY ROAD,BEVERLY ROAD,EAST DRIVE,DOUGLAS ROAD,EAST DRIVE,DOUGLAS ROAD,ADDRESS,LITTLE NECK,BEVERLY ROAD,,Closed,,This request required re-assignment to a new DOT unit.,11/17/2023 01:07:57 PM,11 QUEENS,19,Precinct 111,4080370005,QUEENS,1053818,222616,ONLINE,Unspecified,QUEENS,,,,,,,,40.77743200813493,-73.7488142584544,POINT (-73.748814258454 40.777432008135)
59479618,11/17/2023 03:14:43 PM,11/27/2023 12:17:34 PM,DOT,Department of Transportation,Sidewalk Condition,Sidewalk Violation,Dismiss Violation Owner Fixed,Sidewalk,11218,3327 12 AVENUE,12 AVENUE,DAHILL ROAD,CHESTER AVENUE,DAHILL ROAD,CHESTER AVENUE,ADDRESS,BROOKLYN,12 AVENUE,,Closed,,A sidewalk dismissal inspection (work done by owner) has been scheduled. Department of Transportation is in direct contact with the responsible party.,11/27/2023 12:17:41 PM,12 BROOKLYN,39,Precinct 66,3053070042,BROOKLYN,989261,174413,PHONE,Unspecified,BROOKLYN,,,,,,,,40.64539861678414,-73.9819428577339,POINT (-73.981942857734 40.645398616784)
59479622,11/17/2023 11:55:02 AM,12/01/2023 02:10:45 PM,DOT,Department of Transportation,Street Condition,Defective Hardware,N/A,Street,11357,13-61 145 PLACE,145 PLACE,13 ROAD,14 AVENUE,13 ROAD,14 AVENUE,ADDRESS,WHITESTONE,145 PLACE,,Closed,,The Department of Transportation inspected and has requested the Department of Environmental Protection address the issue. The condition will be re-inspected in 60 days.,12/01/2023 02:10:49 PM,07 QUEENS,19,Precinct 109,4044630020,QUEENS,1033648,226227,PHONE,Unspecified,QUEENS,,,,,,,,40.78747895938838,-73.82161428774675,POINT (-73.821614287747 40.787478959388)
59477675,11/17/2023 06:53:00 PM,11/17/2023 08:05:00 PM,DOT,Department of Transportation,Traffic Signal Condition,Controller,Operating Improperly,,10075,,,,,3 AVENUE,EAST 79 STREET,INTERSECTION,MANHATTAN,,N/A,Closed,,Service Request status for this request is available on the Department of Transportation芒聙聶s website. Please click the 芒聙聹Learn More芒聙聺 link below.,11/17/2023 08:05:00 PM,08 MANHATTAN,04,Precinct 19,,MANHATTAN,996078,221372,UNKNOWN,Unspecified,MANHATTAN,,,,,,,,40.77428341114541,-73.95729530066863,POINT (-73.957295300669 40.774283411145)
59477905,11/17/2023 01:00:00 PM,04/15/2025 02:05:00 PM,DOT,Department of Transportation,Street Light Condition,Lamppost Knocked Down,Location Type: Intersection,,11101,BORDEN AVE,BORDEN AVE,,,BORDEN AVENUE,GREENPOINT AVENUE,INTERSECTION,QUEENS,,,Closed,,Service Request status for this request is available on the Department of Transportation芒聙聶s website. Please click the 芒聙聹Learn More芒聙聺 link below.,11/20/2023 10:46:00 AM,02 QUEENS,26,Precinct 108,,QUEENS,1003423,207848,UNKNOWN,Unspecified,QUEENS,,,,,,,,40.73715060645991,-73.9308149349025,POINT (-73.930814934902 40.73715060646)
59487000,11/18/2023 02:23:04 PM,11/29/2023 12:33:32 PM,DOT,Department of Transportation,Curb Condition,Defacement,N/A,Curb,11365,158-24 72 AVENUE,72 AVENUE,PARSONS BOULEVARD,159 STREET,PARSONS BOULEVARD,159 STREET,ADDRESS,FRESH MEADOWS,72 AVENUE,,Closed,,The Department of Transportation inspected the condition you reported and issued a notice to the responsible party to correct the condition.,11/29/2023 12:33:37 PM,08 QUEENS,24,Precinct 107,4068210046,QUEENS,1036714,204512,MOBILE,Unspecified,QUEENS,,,,,,,,40.727859302427646,-73.8107118539891,POINT (-73.810711853989 40.727859302428)
59483214,11/18/2023 06:52:00 PM,11/19/2023 08:50:00 AM,DOT,Department of Transportation,Traffic Signal Condition,Ped Lamp,Out,,10001,,,,,WEST 27 STREET,BROADWAY,INTERSECTION,MANHATTAN,,N/A,Closed,,Service Request status for this request is available on the Department of Transportation芒聙聶s website. Please click the 芒聙聹Learn More芒聙聺 link below.,11/19/2023 08:50:00 AM,05 MANHATTAN,02,Precinct 13,,MANHATTAN,987334,210530,UNKNOWN,Unspecified,MANHATTAN,,,,,,,,40.744532273451554,-73.9888702675778,POINT (-73.988870267578 40.744532273452)
59479402,11/17/2023 01:25:14 PM,11/20/2023 11:40:00 AM,DOT,Department of Transportation,Street Condition,Pothole,,,11238,DEAN STREET,DEAN STREET,CARLTON AVENUE,VANDERBILT AVENUE,,,BLOCKFACE,BROOKLYN,,N/A,Closed,,The Department of Transportation inspected this complaint and repaired the problem.,11/20/2023 11:40:00 AM,08 BROOKLYN,,Precinct 78,,BROOKLYN,,,UNKNOWN,Unspecified,BROOKLYN,,,,,,,,,,
59488514,11/18/2023 08:07:00 AM,11/21/2023 09:08:00 AM,DOT,Department of Transportation,Street Light Condition,Street Light Out,Location Type: Intersection,,10462,2251 EAST TREMONT AVENUE,EAST TREMONT AVENUE,BRONXDALE AVE,UNIONPORT RD,EAST TREMONT AVENUE,ELM DRIVE,INTERSECTION,BRONX,,,Closed,,Service Request status for this request is available on the Department of Transportation芒聙聶s website. Please click the 芒聙聹Learn More芒聙聺 link below.,11/21/2023 09:08:00 AM,09 BRONX,18,Precinct 43,,BRONX,1024042,246127,UNKNOWN,Unspecified,BRONX,,,,,,,,40.84214729134236,-73.85618535588866,POINT (-73.856185355889 40.842147291342)
59480627,11/17/2023 11:00:36 AM,11/20/2023 09:25:00 AM,DOT,Department of Transportation,Street Condition,Pothole,,,11219,13 AVENUE,13 AVENUE,41 STREET,42 STREET,,,BLOCKFACE,BROOKLYN,,N/A,Closed,,The Department of Transportation inspected this complaint and did not find the reported problem.,11/20/2023 09:25:00 AM,12 BROOKLYN,,Precinct 66,,BROOKLYN,,,UNKNOWN,Unspecified,BROOKLYN,,,,,,,,,,
59478942,11/17/2023 08:21:00 AM,01/05/2024 07:11:00 AM,DOT,Department of Transportation,Street Light Condition,Lamppost Knocked Down,Location Type: Intersection,,11230,,,,,OCEAN PARKWAY,NEWKIRK AVENUE,INTERSECTION,BROOKLYN,,,Closed,,Service Request status for this request is available on the Department of Transportation芒聙聶s website. Please click the 芒聙聹Learn More芒聙聺 link below.,11/22/2023 09:59:00 AM,14 BROOKLYN,40,Precinct 70,,BROOKLYN,992063,169348,UNKNOWN,Unspecified,BROOKLYN,,,,,,,,40.63149424565688,-73.97185171416632,POINT (-73.971851714166 40.631494245657)
59487959,11/18/2023 06:12:51 PM,01/23/2024 06:55:54 AM,DOT,Department of Transportation,Broken Parking Meter,Coin or Card Did Not Register,Payment by Card,Street,10013,MOTT STREET,MOTT STREET,HESTER STREET,GRAND STREET,HESTER STREET,GRAND STREET,BLOCKFACE,,,,Closed,,The Department of Transportation has completed the request or corrected the condition.,01/23/2024 06:55:58 AM,Unspecified MANHATTAN,,Precinct 5,,MANHATTAN,985157,201011,PHONE,Unspecified,MANHATTAN,,,,,,,,40.71840544366539,-73.9967280447112,POINT (-73.996728044711 40.718405443665)
59487911,11/18/2023 08:42:18 PM,11/20/2023 09:10:00 AM,DOT,Department of Transportation,Street Condition,Pothole,,,10075,,,,,EAST 79 STREET,YORK AVENUE,INTERSECTION,MANHATTAN,,N/A,Closed,,The Department of Transportation inspected this complaint and repaired the problem.,11/20/2023 09:10:00 AM,08 MANHATTAN,05,Precinct 19,,MANHATTAN,997980,220319,UNKNOWN,Unspecified,MANHATTAN,,,,,,,,40.7713904523201,-73.95043032980328,POINT (-73.950430329803 40.77139045232)
59489061,11/18/2023 02:36:37 PM,11/21/2023 08:48:09 AM,DOT,Department of Transportation,Street Condition,Cave-in,N/A,Street,11362,256-43 GRAND CENTRAL PARKWAY,GRAND CENTRAL PARKWAY,BEND,62 AVENUE,BEND,62 AVENUE,ADDRESS,LITTLE NECK,GRAND CENTRAL PARKWAY,,Closed,,The Department of Transportation investigated this Service Request and determined this street requires general maintenance. This location has been processed into another system and is expected to be repaired in 30 days.,11/21/2023 08:48:17 AM,11 QUEENS,23,Precinct 111,4083920178,QUEENS,1061219,215018,PHONE,Unspecified,QUEENS,,,,,,,,40.75651622358746,-73.72217901169302,POINT (-73.722179011693 40.756516223587)
59490439,11/19/2023 01:19:00 PM,11/19/2023 03:00:00 PM,DOT,Department of Transportation,Traffic Signal Condition,Controller,Operating Improperly,,10001,,,,,9 AVENUE,WEST 31 STREET,INTERSECTION,MANHATTAN,,N/A,Closed,,Service Request status for this request is available on the Department of Transportation芒聙聶s website. Please click the 芒聙聹Learn More芒聙聺 link below.,11/19/2023 03:00:00 PM,04 MANHATTAN,03,Precinct 14,,MANHATTAN,984892,213064,UNKNOWN,Unspecified,MANHATTAN,,,,,,,,40.75148798049455,-73.99768286826396,POINT (-73.997682868264 40.751487980495)
59476411,11/17/2023 11:00:00 AM,11/17/2023 03:15:00 PM,DOT,Department of Transportation,Traffic Signal Condition,Veh Signal Lamp,Out,,11434,,,,,NORTH CONDUIT AVENUE,ROCKAWAY BOULEVARD,INTERSECTION,QUEENS,,N/A,Closed,,Service Request status for this request is available on the Department of Transportation芒聙聶s website. Please click the 芒聙聹Learn More芒聙聺 link below.,11/17/2023 03:15:00 PM,12 QUEENS,31,Precinct 113,,QUEENS,1045108,182549,UNKNOWN,Unspecified,QUEENS,,,,,,,,40.667522405001336,-73.78062518365624,POINT (-73.780625183656 40.667522405001)
59487070,11/18/2023 03:47:52 PM,12/28/2023 05:24:11 PM,DOT,Department of Transportation,Street Condition,Line/Marking - Faded,N/A,Street,10002,97 PITT STREET,PITT STREET,RIVINGTON STREET,STANTON STREET,RIVINGTON STREET,STANTON STREET,ADDRESS,NEW YORK,PITT STREET,,Closed,,"The Department of Transportation inspected the condition you reported. You can find additional information in the ""Notes to Customer"" field.",12/28/2023 05:24:17 PM,03 MANHATTAN,02,Precinct 7,1003440063,MANHATTAN,989182,201187,ONLINE,Unspecified,MANHATTAN,,,,,,,,40.718887193071986,-73.98220793799894,POINT (-73.982207937999 40.718887193072)
59476443,11/17/2023 03:36:00 PM,11/20/2023 10:58:00 AM,DOT,Department of Transportation,Street Light Condition,Multiple Street Lights Out,Location Type: Highway,,,NASSAU EXPY,NASSAU EXPY,COHANCY ST,,,,BLOCKFACE,,,,Closed,,"Service Request status for this request is available on the Department of Transportation's website. Please click the ""Learn More"" link below.",11/20/2023 10:58:00 AM,Unspecified QUEENS,,Unspecified,,QUEENS,,,UNKNOWN,Unspecified,QUEENS,,,,,,,,,,
59475859,11/18/2023 12:16:35 AM,11/20/2023 06:55:17 AM,DOT,Department of Transportation,Street Condition,Plate Condition - Noisy,N/A,Street,10021,3 AVENUE,3 AVENUE,3 AVENUE,EAST   75 STREET,3 AVENUE,EAST   75 STREET,INTERSECTION,,,,Closed,,The condition was inspected and determined not to be under Department of Transportation's jurisdiction. The Department of Transportation notified the appropriate responsible party of the complaint.,11/20/2023 06:55:24 AM,08 MANHATTAN,05,Precinct 19,,MANHATTAN,995556,220429,ONLINE,Unspecified,MANHATTAN,,,,,,,,40.77169580618168,-73.9591815548924,POINT (-73.959181554892 40.771695806182)
59475140,11/17/2023 12:54:00 PM,11/27/2023 09:11:00 AM,DOT,Department of Transportation,Street Light Condition,Street Light Out,Location Type: Intersection,,11233,120 CHAUNCEY STREET,CHAUNCEY STREET,MALCOLM X BLVD,STUYVESANT AVE,CHAUNCEY STREET,STUYVESANT AVENUE,INTERSECTION,BROOKLYN,,,Closed,,Service Request status for this request is available on the Department of Transportation芒聙聶s website. Please click the 芒聙聹Learn More芒聙聺 link below.,11/27/2023 09:11:00 AM,03 BROOKLYN,36,Precinct 81,3016910012,BROOKLYN,1003249,187087,UNKNOWN,Unspecified,BROOKLYN,,,,,,,,40.680166971934995,-73.93150138892759,POINT (-73.931501388928 40.680166971935)
59485504,11/18/2023 07:56:00 PM,11/27/2023 09:06:00 AM,DOT,Department of Transportation,Street Light Condition,Street Light Out,Location Type: Intersection,,11219,5201 12 AVENUE,12 AVENUE,52 ST,53 ST,12 AVENUE,52 STREET,INTERSECTION,BROOKLYN,,,Closed,,"Service Request status for this request is available on the Department of Transportation's website. Please click the ""Learn More"" link below.",11/27/2023 09:06:00 AM,12 BROOKLYN,44,Precinct 66,3056620010,BROOKLYN,985342,170505,UNKNOWN,Unspecified,BROOKLYN,,,,,,,,40.6346733436387,-73.99606560963456,POINT (-73.996065609635 40.634673343639)
59483910,11/18/2023 05:10:12 PM,11/20/2023 01:35:00 PM,DOT,Department of Transportation,Street Condition,Pothole,,,11214,CROPSEY AVENUE,CROPSEY AVENUE,BAY   28 STREET,BAY   29 STREET,,,BLOCKFACE,BROOKLYN,,N/A,Closed,,The Department of Transportation inspected this complaint and repaired the problem.,11/20/2023 01:35:00 PM,11 BROOKLYN,,Precinct 62,,BROOKLYN,,,UNKNOWN,Unspecified,BROOKLYN,,,,,,,,,,
59490015,11/19/2023 11:57:00 AM,11/21/2023 03:52:02 PM,DOT,Department of Transportation,Street Condition,Cave-in,N/A,Street,11412,205 STREET,205 STREET,205 STREET,MURDOCK AVENUE,205 STREET,MURDOCK AVENUE,INTERSECTION,,,,Closed,,The Department of Transportation inspected and has requested the Department of Environmental Protection address the issue. The condition will be re-inspected in 60 days.,11/21/2023 03:52:07 PM,12 QUEENS,27,Precinct 113,,QUEENS,1053508,194829,PHONE,Unspecified,QUEENS,,,,,,,,40.701166339063626,-73.75021963824933,POINT (-73.750219638249 40.701166339064)
59484532,11/18/2023 11:19:00 PM,11/19/2023 01:05:00 PM,DOT,Department of Transportation,Traffic Signal Condition,Veh Signal Lamp,Out,,11385,,,,,WYCKOFF AVENUE,DECATUR STREET,INTERSECTION,QUEENS,,N/A,Closed,,Service Request status for this request is available on the Department of Transportation芒聙聶s website. Please click the 芒聙聹Learn More芒聙聺 link below.,11/19/2023 01:05:00 PM,05 QUEENS,34,Precinct 104,,QUEENS,1011467,192235,UNKNOWN,Unspecified,QUEENS,,,,,,,,40.694275589555886,-73.9018516025562,POINT (-73.901851602556 40.694275589556)
59485003,11/18/2023 11:23:18 AM,11/20/2023 03:56:59 PM,DOT,Department of Transportation,Street Condition,Crash Cushion Defect,N/A,Street,10003,716 BROADWAY,BROADWAY,WASHINGTON PLACE,WAVERLY PLACE,WASHINGTON PLACE,WAVERLY PLACE,ADDRESS,NEW YORK,BROADWAY,,Closed,,The Department of Transportation inspected the condition you reported and determined that this issue is not within its jurisdiction.,11/20/2023 03:57:12 PM,02 MANHATTAN,02,Precinct 9,1005450010,MANHATTAN,985992,204882,PHONE,Unspecified,MANHATTAN,,,,,,,,40.729030275830915,-73.99371482372263,POINT (-73.993714823723 40.729030275831)
59531950,11/23/2023 05:38:00 PM,12/15/2023 11:05:00 AM,DOT,Department of Transportation,Street Light Condition,Street Light Out,Location Type: Intersection,,11106,,,,,VERNON BOULEVARD,BROADWAY,INTERSECTION,QUEENS,,,Closed,,"Service Request status for this request is available on the Department of Transportation's website. Please click the ""Learn More"" link below.",12/15/2023 11:05:00 AM,01 QUEENS,26,Precinct 114,,QUEENS,1001927,218974,UNKNOWN,Unspecified,QUEENS,,,,,,,,40.76769176659233,-73.9361839455586,POINT (-73.936183945559 40.767691766592)
59490866,11/19/2023 10:41:01 AM,11/21/2023 09:10:00 AM,DOT,Department of Transportation,Street Condition,Pothole,,,11416,101 AVENUE,101 AVENUE,77 STREET,78 STREET,,,BLOCKFACE,QUEENS,,N/A,Closed,,The Department of Transportation inspected this complaint and repaired the problem.,11/21/2023 09:10:00 AM,09 QUEENS,,Precinct 102,,QUEENS,,,UNKNOWN,Unspecified,QUEENS,,,,,,,,,,
59480173,11/17/2023 09:32:00 AM,11/27/2023 08:50:00 AM,DOT,Department of Transportation,Street Light Condition,Street Light Out,Location Type: Intersection,,11238,635 PROSPECT PLACE,PROSPECT PLACE,BEDFORD AVE,FRANKLIN AVE,PROSPECT PLACE,FRANKLIN AVENUE,INTERSECTION,BROOKLYN,,,Closed,,Service Request status for this request is available on the Department of Transportation芒聙聶s website. Please click the 芒聙聹Learn More芒聙聺 link below.,11/27/2023 08:50:00 AM,08 BROOKLYN,3